Year,State Name,Average_Maize_Yield_Kg_per_ha
1968,Andhra Pradesh,737.7345454545455
1968,Karnataka,1476.378947368421
1968,Maharashtra,0.0
1968,Punjab,1390.7945454545456
1968,Rajasthan,371.5284615384616
1968,Tamil Nadu,537.8916666666665
1968,Telangana,848.6722222222222
1969,Andhra Pradesh,1024.040909090909
1969,Chhattisgarh,913.3433333333332
1969,Gujarat,640.4122222222223
1969,Haryana,854.034
1969,Karnataka,2555.6426315789477
1969,Madhya Pradesh,694.29
1969,Maharashtra,0.0
1969,Punjab,1396.0545454545454
1969,Rajasthan,346.5065384615384
1969,Tamil Nadu,638.2883333333333
1969,Telangana,1126.2055555555555
1970,Andhra Pradesh,1242.1054545454544
1970,Chhattisgarh,1413.5133333333333
1970,Himachal Pradesh,1808.0289999999998
1970,Karnataka,3147.6400000000003
1970,Madhya Pradesh,1079.6567567567567
1970,Maharashtra,0.0
1970,Punjab,1504.4372727272728
1970,Rajasthan,882.2865384615386
1970,Telangana,1157.86
1971,Andhra Pradesh,1020.4636363636363
1971,Chhattisgarh,1098.1833333333336
1971,Gujarat,1438.0194444444446
1971,Himachal Pradesh,1247.538
1971,Karnataka,2630.875789473684
1971,Madhya Pradesh,876.0959459459458
1971,Maharashtra,0.0
1971,Punjab,1520.29
1971,Rajasthan,541.1357692307691
1971,Tamil Nadu,699.6266666666667
1971,Telangana,893.5411111111111
1972,Andhra Pradesh,1031.8727272727274
1972,Chhattisgarh,1181.3716666666667
1972,Gujarat,1170.3772222222221
1972,Haryana,866.8133333333334
1972,Himachal Pradesh,1536.895
1972,Karnataka,2485.1268421052628
1972,Madhya Pradesh,936.291891891892
1972,Maharashtra,335.5308
1972,Punjab,1513.5390909090909
1972,Rajasthan,563.4046153846155
1972,Tamil Nadu,688.6433333333334
1972,Telangana,809.3299999999999
1973,Andhra Pradesh,1459.729090909091
1973,Chhattisgarh,1144.635
1973,Gujarat,704.1722222222222
1973,Himachal Pradesh,1642.5700000000002
1973,Karnataka,3090.923157894737
1973,Madhya Pradesh,740.1337837837837
1973,Maharashtra,566.4226923076924
1973,Punjab,1303.471818181818
1973,Rajasthan,360.3157692307692
1973,Tamil Nadu,636.7541666666667
1973,Telangana,1470.9299999999998
1974,Andhra Pradesh,1451.9018181818183
1974,Chhattisgarh,1072.1683333333333
1974,Gujarat,759.3272222222222
1974,Himachal Pradesh,1719.718
1974,Karnataka,2451.12
1974,Madhya Pradesh,809.8456756756756
1974,Maharashtra,587.0734615384615
1974,Punjab,1701.24
1974,Rajasthan,344.17038461538453
1974,Tamil Nadu,635.6891666666667
1974,Telangana,1587.8322222222223
1975,Andhra Pradesh,1641.4454545454546
1975,Assam,606.3829999999999
1975,Chhattisgarh,1021.2533333333334
1975,Himachal Pradesh,1717.6269999999997
1975,Karnataka,2751.3694736842103
1975,Madhya Pradesh,1005.9494594594591
1975,Maharashtra,1022.0334615384616
1975,Punjab,1328.4127272727274
1975,Rajasthan,653.6780769230768
1975,Tamil Nadu,593.4816666666667
1975,Telangana,1582.7633333333333
1976,Andhra Pradesh,1310.2272727272727
1976,Chhattisgarh,1024.105
1976,Gujarat,719.7994444444444
1976,Haryana,683.0814285714285
1976,Himachal Pradesh,1562.4190000000003
1976,Karnataka,2327.395
1976,Madhya Pradesh,1170.36972972973
1976,Maharashtra,1445.4646153846156
1976,Punjab,1041.8500000000001
1976,Rajasthan,564.5484615384614
1976,Tamil Nadu,626.8441666666666
1976,Telangana,1006.9655555555554
1977,Andhra Pradesh,1490.5436363636363
1977,Chhattisgarh,854.17
1977,Gujarat,667.4988888888889
1977,Himachal Pradesh,1615.4070000000002
1977,Karnataka,2770.562222222222
1977,Madhya Pradesh,836.0345945945948
1977,Maharashtra,1310.361153846154
1977,Punjab,1417.2381818181814
1977,Rajasthan,358.37807692307695
1977,Tamil Nadu,631.2458333333333
1977,Telangana,1358.0633333333335
1978,Andhra Pradesh,1328.841818181818
1978,Chhattisgarh,954.1750000000001
1978,Gujarat,952.6522222222223
1978,Himachal Pradesh,1505.0130000000001
1978,Karnataka,2652.19
1978,Madhya Pradesh,856.6432432432431
1978,Maharashtra,1396.190769230769
1978,Punjab,1507.4445454545455
1978,Rajasthan,708.9315384615384
1978,Tamil Nadu,661.5766666666667
1978,Telangana,1042.4388888888889
1979,Andhra Pradesh,1257.5754545454545
1979,Chhattisgarh,1010.4566666666666
1979,Gujarat,560.8055555555555
1979,Karnataka,2921.6949999999997
1979,Madhya Pradesh,675.5551351351352
1979,Maharashtra,1926.1615384615386
1979,Punjab,1607.0454545454545
1979,Rajasthan,538.3346153846153
1979,Tamil Nadu,646.8616666666667
1979,Telangana,1043.4866666666667
1979,Uttar Pradesh,570.7655555555557
1980,Andhra Pradesh,1733.3336363636363
1980,Chhattisgarh,971.3666666666668
1980,Gujarat,907.8327777777778
1980,Haryana,713.0980000000001
1980,Himachal Pradesh,1679.6239999999998
1980,Karnataka,2772.5883333333336
1980,Madhya Pradesh,909.3470270270269
1980,Maharashtra,1728.6538461538462
1980,Punjab,1575.158
1980,Rajasthan,564.6365384615384
1980,Tamil Nadu,700.0441666666666
1980,Telangana,1788.3666666666666
1981,Andhra Pradesh,2818.181818181818
1981,Chhattisgarh,973.6983333333333
1981,Gujarat,1025.996666666667
1981,Himachal Pradesh,1623.958
1981,Karnataka,2752.1122222222225
1981,Madhya Pradesh,968.3608108108108
1981,Maharashtra,1614.897692307692
1981,Punjab,1744.59
1981,Rajasthan,492.2265384615384
1981,Tamil Nadu,604.3158333333333
1981,Telangana,1592.2233333333334
1981,Uttar Pradesh,670.2228260869564
1982,Andhra Pradesh,3262.3372727272726
1982,Chhattisgarh,1090.8116666666667
1982,Gujarat,825.8466666666667
1982,Himachal Pradesh,1433.924
1982,Karnataka,2880.1494736842105
1982,Madhya Pradesh,1035.635135135135
1982,Maharashtra,1413.815769230769
1982,Rajasthan,618.3176923076924
1982,Tamil Nadu,1615.14
1982,Telangana,2191.521111111111
1982,Uttar Pradesh,575.5160869565218
1983,Andhra Pradesh,4045.632727272727
1983,Chhattisgarh,1324.21
1983,Gujarat,1400.6916666666666
1983,Himachal Pradesh,1929.02
1983,Karnataka,2712.246842105263
1983,Madhya Pradesh,1290.625405405405
1983,Maharashtra,1288.333076923077
1983,Punjab,1739.5436363636366
1983,Rajasthan,856.8253846153847
1983,Tamil Nadu,1807.5208333333333
1983,Telangana,1394.1066666666666
1983,Uttar Pradesh,783.9993478260869
1984,Andhra Pradesh,1553.7172727272728
1984,Chhattisgarh,1208.645
1984,Gujarat,959.3166666666667
1984,Himachal Pradesh,1844.0400000000002
1984,Karnataka,2422.962631578948
1984,Madhya Pradesh,1247.384054054054
1984,Maharashtra,1226.8707692307692
1984,Punjab,1768.5454545454545
1984,Rajasthan,924.1169230769231
1984,Tamil Nadu,1462.2283333333332
1984,Telangana,1270.3344444444444
1984,Uttar Pradesh,1208.829782608696
1985,Andhra Pradesh,1352.5845454545454
1985,Chhattisgarh,986.1650000000001
1985,Gujarat,401.5794444444444
1985,Haryana,904.1666666666666
1985,Himachal Pradesh,1661.2155555555555
1985,Karnataka,2290.726842105263
1985,Madhya Pradesh,852.9702702702702
1985,Maharashtra,1123.0407692307692
1985,Punjab,1710.3727272727274
1985,Rajasthan,453.08230769230767
1985,Tamil Nadu,1552.6699999999998
1985,Telangana,1355.4066666666668
1985,Uttar Pradesh,974.2732608695652
1986,Andhra Pradesh,1435.0636363636363
1986,Chhattisgarh,957.9383333333332
1986,Gujarat,916.9277777777778
1986,Himachal Pradesh,2009.8599999999997
1986,Karnataka,2278.027894736842
1986,Madhya Pradesh,939.921891891892
1986,Maharashtra,603.1803846153846
1986,Punjab,2004.570909090909
1986,Rajasthan,437.26692307692304
1986,Tamil Nadu,1158.009090909091
1986,Telangana,1207.31
1986,Uttar Pradesh,1009.906739130435
1987,Andhra Pradesh,1372.2945454545454
1987,Chhattisgarh,1054.3866666666668
1987,Gujarat,292.60833333333335
1987,Himachal Pradesh,1457.668888888889
1987,Karnataka,1869.9384210526316
1987,Madhya Pradesh,1099.62972972973
1987,Maharashtra,768.4823076923076
1987,Rajasthan,310.72423076923076
1987,Tamil Nadu,1297.520909090909
1987,Telangana,1537.8000000000002
1987,Uttar Pradesh,758.4397826086955
1988,Andhra Pradesh,1868.225
1988,Chhattisgarh,1238.8433333333332
1988,Gujarat,1086.6494444444445
1988,Haryana,727.2728571428571
1988,Karnataka,2347.678421052632
1988,Madhya Pradesh,1268.1218918918917
1988,Maharashtra,805.5926923076925
1988,Rajasthan,929.2242307692309
1988,Tamil Nadu,1167.4545454545455
1988,Telangana,1669.8211111111113
1989,Andhra Pradesh,2471.179090909091
1989,Chhattisgarh,1428.5833333333333
1989,Gujarat,1340.5538888888889
1989,Karnataka,2655.801052631579
1989,Madhya Pradesh,1445.9905405405402
1989,Maharashtra,813.3426923076926
1989,Rajasthan,891.9426923076924
1989,Tamil Nadu,1046.0316666666665
1989,Telangana,2219.0
1989,Uttar Pradesh,1149.5334782608697
1989,Uttarakhand,1201.74
1990,Andhra Pradesh,1911.1072727272729
1990,Assam,582.0130000000001
1990,Bihar,1525.027272727273
1990,Chhattisgarh,1085.6049999999998
1990,Gujarat,1040.2322222222222
1990,Haryana,955.0857142857142
1990,Himachal Pradesh,2233.85
1990,Jharkhand,908.2316666666666
1990,Karnataka,2174.876315789473
1990,Kerala,0.0
1990,Madhya Pradesh,1194.4018918918919
1990,Maharashtra,881.4423076923077
1990,Orissa,1164.2953846153846
1990,Punjab,1798.1954545454546
1990,Rajasthan,1165.1361538461538
1990,Tamil Nadu,1256.6283333333333
1990,Telangana,2002.0711111111113
1990,Uttar Pradesh,1075.1678260869567
1990,Uttarakhand,1260.69
1990,West Bengal,953.5564285714285
1991,Andhra Pradesh,2074.871818181818
1991,Assam,576.4800000000001
1991,Bihar,1815.1281818181822
1991,Chhattisgarh,1159.4416666666666
1991,Gujarat,768.4944444444444
1991,Haryana,1069.5614285714287
1991,Himachal Pradesh,1874.8700000000001
1991,Jharkhand,1068.86
1991,Karnataka,2822.8578947368424
1991,Kerala,0.0
1991,Madhya Pradesh,896.879189189189
1991,Maharashtra,764.5057692307693
1991,Orissa,909.7430769230767
1991,Punjab,1859.2563636363636
1991,Rajasthan,622.285
1991,Tamil Nadu,1264.7475
1991,Telangana,1889.1866666666667
1991,Uttar Pradesh,1083.601956521739
1991,Uttarakhand,1225.75625
1991,West Bengal,692.665
1992,Andhra Pradesh,2622.8736363636367
1992,Assam,613.4069999999999
1992,Bihar,1665.6981818181819
1992,Chhattisgarh,1472.7966666666669
1992,Gujarat,1104.2633333333333
1992,Haryana,1543.8157142857142
1992,Himachal Pradesh,2159.4900000000002
1992,Jharkhand,1335.0766666666666
1992,Karnataka,2873.4142105263163
1992,Kerala,0.0
1992,Madhya Pradesh,1499.3205405405406
1992,Maharashtra,1203.1446153846152
1992,Orissa,1045.059230769231
1992,Punjab,1923.5936363636363
1992,Rajasthan,840.9534615384616
1992,Tamil Nadu,1251.3783333333336
1992,Telangana,2880.31
1992,Uttar Pradesh,1317.7967391304342
1992,Uttarakhand,1180.8262499999998
1992,West Bengal,1311.072142857143
1993,Andhra Pradesh,1874.0636363636365
1993,Assam,616.7529999999999
1993,Bihar,1940.2645454545454
1993,Chhattisgarh,1464.6666666666667
1993,Gujarat,717.5811111111111
1993,Haryana,1133.1228571428571
1993,Himachal Pradesh,2250.495
1993,Jharkhand,1660.5316666666668
1993,Karnataka,2773.1563157894734
1993,Kerala,0.0
1993,Madhya Pradesh,1384.987027027027
1993,Maharashtra,1354.8446153846157
1993,Orissa,1074.466923076923
1993,Punjab,1905.8763636363635
1993,Rajasthan,823.108076923077
1993,Tamil Nadu,837.3016666666666
1993,Telangana,2551.266666666667
1993,Uttar Pradesh,1086.3804347826092
1993,Uttarakhand,1147.3387500000001
1993,West Bengal,1379.6764285714285
1994,Andhra Pradesh,1898.7327272727273
1994,Assam,613.3570000000001
1994,Bihar,1817.510909090909
1994,Chhattisgarh,927.1366666666667
1994,Gujarat,560.3288888888889
1994,Haryana,725.3185714285713
1994,Himachal Pradesh,2122.3619999999996
1994,Jharkhand,1128.7666666666667
1994,Karnataka,2377.9189473684205
1994,Kerala,0.0
1994,Madhya Pradesh,912.8283783783784
1994,Maharashtra,1182.2323076923076
1994,Orissa,1142.0246153846153
1994,Punjab,1595.2200000000003
1994,Rajasthan,674.4919230769231
1994,Tamil Nadu,1186.5049999999999
1994,Telangana,2662.4666666666667
1994,Uttar Pradesh,1243.67
1994,Uttarakhand,1148.9174999999998
1994,West Bengal,1110.202857142857
1995,Andhra Pradesh,2462.4345454545455
1995,Assam,639.4190000000001
1995,Bihar,1945.333636363637
1995,Chhattisgarh,1429.8999999999999
1995,Gujarat,876.0933333333332
1995,Haryana,1612.4542857142858
1995,Himachal Pradesh,2230.8930000000005
1995,Karnataka,2865.577368421053
1995,Kerala,0.0
1995,Madhya Pradesh,1230.2859459459462
1995,Maharashtra,1082.5030769230768
1995,Orissa,1188.1892307692306
1995,Punjab,1538.6663636363637
1995,Rajasthan,709.7846153846153
1995,Tamil Nadu,1131.7033333333334
1995,Telangana,2428.0555555555557
1995,Uttar Pradesh,1297.8495652173913
1995,Uttarakhand,1127.96
1995,West Bengal,904.0257142857143
1996,Andhra Pradesh,3269.6036363636363
1996,Assam,648.74
1996,Bihar,1930.169090909091
1996,Chhattisgarh,1266.9883333333332
1996,Gujarat,1434.3377777777778
1996,Haryana,1422.1114285714284
1996,Himachal Pradesh,2010.172
1996,Karnataka,2801.1505263157896
1996,Kerala,0.0
1996,Madhya Pradesh,1146.625945945946
1996,Maharashtra,1103.8646153846153
1996,Orissa,1200.7815384615385
1996,Punjab,1984.890909090909
1996,Rajasthan,873.6553846153845
1996,Tamil Nadu,1142.61
1996,Telangana,2832.3388888888894
1996,Uttar Pradesh,1361.468260869565
1996,Uttarakhand,1183.4062499999998
1996,West Bengal,1146.9906666666668
1997,Andhra Pradesh,2409.4872727272727
1997,Assam,646.182
1997,Bihar,1793.9372727272726
1997,Chhattisgarh,1105.4383333333333
1997,Gujarat,1275.7783333333334
1997,Haryana,1329.53
1997,Himachal Pradesh,2171.31
1997,Jharkhand,1046.905
1997,Karnataka,2470.483684210527
1997,Kerala,0.0
1997,Madhya Pradesh,1109.658108108108
1997,Maharashtra,1180.1069230769228
1997,Orissa,1195.483076923077
1997,Punjab,1697.129090909091
1997,Rajasthan,962.428076923077
1997,Tamil Nadu,1125.02
1997,Telangana,2764.4555555555553
1997,Uttar Pradesh,1461.6656521739133
1997,Uttarakhand,1262.90875
1997,West Bengal,1670.2006666666666
1998,Andhra Pradesh,2694.867272727273
1998,Assam,637.4939999999999
1998,Bihar,1875.5672727272724
1998,Chhattisgarh,1263.2333333333333
1998,Gujarat,1259.548888888889
1998,Haryana,563.4914285714286
1998,Himachal Pradesh,2298.1989999999996
1998,Jharkhand,1302.0766666666668
1998,Karnataka,3040.0357894736844
1998,Kerala,0.0
1998,Madhya Pradesh,1228.5467567567566
1998,Maharashtra,1412.538076923077
1998,Orissa,1047.8069230769233
1998,Punjab,1966.1609090909087
1998,Rajasthan,825.4573076923075
1998,Tamil Nadu,1123.6399999999999
1998,Telangana,3184.3655555555547
1998,Uttar Pradesh,922.2682608695651
1998,Uttarakhand,1081.93125
1998,West Bengal,1987.858
1999,Andhra Pradesh,3669.1309090909085
1999,Assam,659.258
1999,Bihar,2139.7590909090914
1999,Chhattisgarh,1536.7466666666667
1999,Gujarat,1055.8961111111114
1999,Haryana,1284.685714285714
1999,Himachal Pradesh,2450.918
1999,Jharkhand,1325.4099999999999
1999,Karnataka,2522.133684210526
1999,Kerala,0.0
1999,Madhya Pradesh,1447.5513513513513
1999,Maharashtra,1177.193076923077
1999,Orissa,1188.6446153846152
1999,Punjab,2636.931818181818
1999,Rajasthan,839.0384615384614
1999,Tamil Nadu,1267.4983333333332
1999,Telangana,3077.5777777777776
1999,Uttar Pradesh,1318.4665217391307
1999,Uttarakhand,1191.33125
1999,West Bengal,1343.4260000000002
2000,Andhra Pradesh,3590.4527272727278
2000,Assam,689.57
2000,Bihar,2263.847272727273
2000,Chhattisgarh,1187.495
2000,Gujarat,657.8538888888891
2000,Haryana,975.7614285714286
2000,Himachal Pradesh,2414.2949999999996
2000,Jharkhand,1597.6033333333335
2000,Karnataka,2838.507894736842
2000,Kerala,0.0
2000,Madhya Pradesh,1514.2116216216214
2000,Maharashtra,847.5253846153846
2000,Orissa,1115.5423076923075
2000,Punjab,2855.283636363636
2000,Rajasthan,963.4876923076923
2000,Tamil Nadu,1324.3316666666667
2000,Telangana,2763.945555555556
2000,Uttar Pradesh,1567.2708695652175
2000,Uttarakhand,1299.4075
2000,West Bengal,1802.5613333333336
2001,Andhra Pradesh,4428.016363636364
2001,Assam,640.2050000000002
2001,Bihar,2352.902727272727
2001,Chhattisgarh,742.6333333333333
2001,Gujarat,1447.7561111111108
2001,Haryana,1227.1985714285713
2001,Himachal Pradesh,2725.128
2001,Jharkhand,1414.2633333333333
2001,Karnataka,2438.6984210526316
2001,Kerala,0.0
2001,Madhya Pradesh,1896.0810810810806
2001,Maharashtra,1825.9011538461536
2001,Orissa,1036.4246153846152
2001,Punjab,2763.6118181818183
2001,Rajasthan,1202.6392307692308
2001,Tamil Nadu,1263.3658333333335
2001,Telangana,3108.3344444444447
2001,Uttar Pradesh,1526.3658695652177
2001,Uttarakhand,1141.3749999999998
2001,West Bengal,1963.262
2002,Andhra Pradesh,3255.3072727272724
2002,Assam,648.883
2002,Bihar,2172.526363636364
2002,Chhattisgarh,1296.635
2002,Gujarat,1233.7022222222222
2002,Haryana,594.9528571428572
2002,Himachal Pradesh,1646.19
2002,Jharkhand,1091.2166666666667
2002,Karnataka,2142.0326315789475
2002,Kerala,0.0
2002,Madhya Pradesh,1558.928918918919
2002,Maharashtra,1494.5523076923077
2002,Orissa,1083.6884615384618
2002,Punjab,2050.850909090909
2002,Rajasthan,626.6865384615386
2002,Tamil Nadu,1224.3358333333333
2002,Telangana,2485.83
2002,Uttar Pradesh,1064.071739130435
2002,Uttarakhand,923.30625
2002,West Bengal,1580.4746666666665
2003,Andhra Pradesh,3377.1699999999996
2003,Assam,643.7520000000001
2003,Bihar,2261.2427272727273
2003,Chhattisgarh,1246.0733333333335
2003,Gujarat,1338.1527777777778
2003,Haryana,1397.3914285714286
2003,Himachal Pradesh,2655.1339999999996
2003,Jharkhand,1402.2666666666664
2003,Karnataka,2152.9800000000005
2003,Kerala,0.0
2003,Madhya Pradesh,1844.8254054054057
2003,Maharashtra,1574.158846153846
2003,Orissa,1017.5030769230767
2003,Punjab,3062.5863636363642
2003,Rajasthan,1472.9642307692304
2003,Tamil Nadu,1393.5600000000002
2003,Telangana,3513.3544444444447
2003,Uttar Pradesh,1339.556086956522
2003,Uttarakhand,969.21
2003,West Bengal,2154.9466666666663
2004,Andhra Pradesh,4626.862727272727
2004,Assam,652.5620000000001
2004,Bihar,2385.415454545455
2004,Chhattisgarh,1371.4166666666667
2004,Gujarat,834.7105555555556
2004,Haryana,870.3671428571428
2004,Himachal Pradesh,2230.7249999999995
2004,Jharkhand,1398.7616666666665
2004,Karnataka,2788.6299999999997
2004,Kerala,0.0
2004,Madhya Pradesh,1358.7637837837842
2004,Maharashtra,1298.1946153846152
2004,Orissa,1088.4623076923076
2004,Punjab,2303.559090909091
2004,Rajasthan,907.7876923076922
2004,Tamil Nadu,1360.8358333333333
2004,Telangana,2699.0033333333336
2004,Uttar Pradesh,1518.3365217391304
2004,Uttarakhand,1338.4075
2004,West Bengal,2585.1646666666666
2005,Andhra Pradesh,5656.499090909091
2005,Assam,657.4159999999999
2005,Bihar,2182.1245454545456
2005,Chhattisgarh,1371.4166666666667
2005,Gujarat,1272.8961111111112
2005,Haryana,662.6228571428572
2005,Himachal Pradesh,1976.109
2005,Jharkhand,1027.7116666666666
2005,Karnataka,3137.5710526315793
2005,Kerala,0.0
2005,Madhya Pradesh,1361.0524324324326
2005,Maharashtra,1709.0192307692307
2005,Orissa,1179.6453846153845
2005,Punjab,2314.2972727272727
2005,Rajasthan,866.3026923076923
2005,Tamil Nadu,1035.1966666666665
2005,Telangana,3620.684444444444
2005,Uttar Pradesh,1331.1636956521738
2005,Uttarakhand,1345.80875
2005,West Bengal,2684.990666666666
2006,Andhra Pradesh,5714.56
2006,Assam,653.597
2006,Bihar,2554.3100000000004
2006,Chhattisgarh,1069.1
2006,Gujarat,425.4961111111111
2006,Haryana,351.2885714285714
2006,Himachal Pradesh,2430.112
2006,Jharkhand,1412.375
2006,Karnataka,2637.473157894737
2006,Kerala,0.0
2006,Madhya Pradesh,890.5037837837838
2006,Maharashtra,1727.0911538461542
2006,Orissa,1239.9207692307693
2006,Punjab,2644.2072727272725
2006,Rajasthan,895.5484615384617
2006,Tamil Nadu,3404.5208333333335
2006,Telangana,2999.7255555555553
2006,Uttar Pradesh,1345.9428260869565
2006,Uttarakhand,1050.1712499999999
2006,West Bengal,2706.82
2007,Andhra Pradesh,6290.120000000001
2007,Assam,633.717
2007,Bihar,2609.6690909090908
2007,Chhattisgarh,1433.11
2007,Gujarat,1132.5738888888889
2007,Haryana,1321.6814285714286
2007,Himachal Pradesh,2387.568
2007,Jharkhand,1288.21
2007,Karnataka,3023.666842105263
2007,Kerala,0.0
2007,Madhya Pradesh,1112.2532432432433
2007,Maharashtra,2445.468846153846
2007,Orissa,1428.0138461538465
2007,Punjab,2862.192727272727
2007,Rajasthan,1412.731153846154
2007,Tamil Nadu,3330.4891666666667
2007,Telangana,4435.517777777778
2007,Uttar Pradesh,1425.6586956521737
2007,Uttarakhand,1220.08375
2007,West Bengal,2711.690666666667
2008,Andhra Pradesh,6438.663636363636
2008,Assam,633.5310000000001
2008,Bihar,2178.906363636364
2008,Chhattisgarh,1268.7516666666668
2008,Gujarat,1167.6266666666668
2008,Haryana,1137.3871428571429
2008,Himachal Pradesh,2396.6719999999996
2008,Jharkhand,1015.5949999999999
2008,Karnataka,2942.8778947368423
2008,Kerala,0.0
2008,Madhya Pradesh,1218.7443243243242
2008,Maharashtra,2143.8865384615383
2008,Orissa,1479.0500000000002
2008,Punjab,2741.810909090909
2008,Rajasthan,1387.850769230769
2008,Tamil Nadu,3467.8375
2008,Telangana,3663.97111111111
2008,Uttar Pradesh,1461.4371739130438
2008,Uttarakhand,1154.09125
2008,West Bengal,2718.879333333333
2009,Andhra Pradesh,5955.2527272727275
2009,Assam,646.9130000000001
2009,Bihar,2298.7772727272727
2009,Chhattisgarh,1444.2666666666667
2009,Gujarat,864.9744444444444
2009,Haryana,1266.6842857142858
2009,Himachal Pradesh,2117.895
2009,Jharkhand,809.9233333333333
2009,Karnataka,2455.287894736842
2009,Kerala,0.0
2009,Madhya Pradesh,1066.4556756756756
2009,Maharashtra,1893.133846153846
2009,Orissa,1533.1923076923076
2009,Punjab,2864.1718181818183
2009,Rajasthan,754.3076923076923
2009,Tamil Nadu,3620.771666666666
2009,Telangana,2746.0255555555555
2009,Uttar Pradesh,1432.031086956522
2009,Uttarakhand,1338.0162500000001
2009,West Bengal,2750.9660000000003
2010,Andhra Pradesh,6981.683636363637
2010,Assam,636.3969999999999
2010,Bihar,3023.4645454545457
2010,Chhattisgarh,1651.9116666666666
2010,Gujarat,1482.0149999999999
2010,Haryana,747.4371428571428
2010,Himachal Pradesh,2571.699
2010,Jharkhand,884.3233333333333
2010,Karnataka,3417.563684210527
2010,Kerala,0.0
2010,Madhya Pradesh,1354.6527027027028
2010,Maharashtra,2113.395
2010,Orissa,1872.043846153846
2010,Punjab,2744.061818181818
2010,Rajasthan,1476.9334615384614
2010,Tamil Nadu,3617.6491666666666
2010,Telangana,3915.696666666667
2010,Uttar Pradesh,1355.023043478261
2010,Uttarakhand,1325.1762499999998
2010,West Bengal,2837.444666666667
2011,Andhra Pradesh,6014.424545454546
2011,Assam,730.554
2011,Bihar,3404.2727272727275
2011,Chhattisgarh,1561.585
2011,Gujarat,940.8183333333333
2011,Haryana,1393.7571428571428
2011,Himachal Pradesh,2474.6200000000003
2011,Jharkhand,1353.8766666666666
2011,Karnataka,3085.442105263158
2011,Kerala,385.714
2011,Madhya Pradesh,1165.5945945945946
2011,Maharashtra,2144.668846153846
2011,Orissa,1960.106923076923
2011,Punjab,3052.4772727272725
2011,Rajasthan,1215.2626923076923
2011,Tamil Nadu,5034.420833333334
2011,Telangana,3315.2877777777776
2011,Uttar Pradesh,1491.4732608695647
2011,Uttarakhand,1327.0700000000002
2011,West Bengal,2723.93
2012,Andhra Pradesh,5808.445454545454
2012,Assam,813.602
2012,Bihar,3909.2218181818175
2012,Chhattisgarh,1809.6383333333333
2012,Gujarat,1331.2749999999999
2012,Haryana,934.1957142857144
2012,Himachal Pradesh,2547.7380000000003
2012,Jharkhand,1338.1016666666667
2012,Karnataka,2938.783684210527
2012,Kerala,0.0
2012,Madhya Pradesh,2188.954594594595
2012,Maharashtra,1419.4838461538461
2012,Orissa,2049.133846153846
2012,Punjab,2933.9345454545455
2012,Rajasthan,1414.5392307692312
2012,Tamil Nadu,2954.361666666667
2012,Telangana,4197.003333333333
2012,Uttar Pradesh,1733.3836956521739
2012,Uttarakhand,1313.2375
2012,West Bengal,2791.1620000000007
2013,Andhra Pradesh,6104.06
2013,Assam,3710.925
2013,Bihar,3759.9863636363634
2013,Chhattisgarh,1953.3416666666665
2013,Gujarat,1270.5011111111114
2013,Haryana,857.1428571428571
2013,Himachal Pradesh,2386.833
2013,Jharkhand,1646.868333333333
2013,Karnataka,3161.82052631579
2013,Kerala,140.0
2013,Madhya Pradesh,1451.6091891891895
2013,Maharashtra,2151.3563999999997
2013,Orissa,2366.316153846154
2013,Punjab,3671.122727272727
2013,Rajasthan,1118.9419230769229
2013,Tamil Nadu,4848.367499999999
2013,Telangana,4304.205555555555
2013,Uttar Pradesh,1876.7034782608696
2013,Uttarakhand,1320.085
2013,West Bengal,2901.2799999999997
2014,Andhra Pradesh,5952.670909090908
2014,Assam,3111.8199999999997
2014,Bihar,3260.050909090909
2014,Chhattisgarh,1813.9133333333332
2014,Gujarat,1542.2216666666668
2014,Haryana,857.1428571428571
2014,Himachal Pradesh,2024.64
2014,Jharkhand,1955.3616666666667
2014,Karnataka,3199.904210526316
2014,Kerala,100.0
2014,Madhya Pradesh,2035.5159459459458
2014,Maharashtra,1566.6616000000001
2014,Orissa,2359.6092307692306
2014,Punjab,3561.868181818182
2014,Rajasthan,1249.1753846153847
2014,Tamil Nadu,7266.017499999999
2014,Telangana,3472.546666666666
2014,Uttar Pradesh,1688.2921739130438
2014,Uttarakhand,2010.5575
2014,West Bengal,2958.1999999999994
2015,Andhra Pradesh,5368.857272727272
2015,Assam,2400.0909999999994
2015,Bihar,3431.626363636364
2015,Chhattisgarh,1730.636666666667
2015,Gujarat,1543.8966666666665
2015,Haryana,1151.9285714285713
2015,Himachal Pradesh,2953.834
2015,Jharkhand,1071.0316666666668
2015,Karnataka,2824.374210526315
2015,Kerala,320.0
2015,Madhya Pradesh,1830.695945945946
2015,Maharashtra,1380.7816
2015,Orissa,2405.9138461538464
2015,Punjab,3084.176363636364
2015,Rajasthan,1161.115
2015,Tamil Nadu,6791.738333333334
2015,Telangana,3386.3411111111113
2015,Uttar Pradesh,1568.6217391304347
2015,Uttarakhand,1719.15875
2015,West Bengal,3014.4953333333337
2016,Andhra Pradesh,6051.6836363636385
2016,Assam,2373.6070000000004
2016,Bihar,4322.597272727273
2016,Chhattisgarh,2411.798333333333
2016,Gujarat,1738.2844444444443
2016,Haryana,3542.562857142857
2016,Himachal Pradesh,2127.295
2016,Jharkhand,2035.3616666666667
2016,Karnataka,2614.8210526315793
2016,Kerala,621.47
2016,Madhya Pradesh,2262.1167567567563
2016,Maharashtra,2472.113846153846
2016,Orissa,2610.7799999999993
2016,Punjab,3191.7245454545455
2016,Rajasthan,1410.196923076923
2016,Tamil Nadu,2850.2225
2016,Telangana,4133.521111111111
2016,Uttar Pradesh,1786.215434782609
2016,Uttarakhand,1576.56
2016,West Bengal,3222.5946666666664
2017,Andhra Pradesh,7010.646363636365
2017,Assam,2665.867
2017,Bihar,4158.8836363636365
2017,Chhattisgarh,2365.4166666666665
2017,Gujarat,1680.5255555555557
2017,Haryana,1126.3742857142856
2017,Himachal Pradesh,2930.7080000000005
2017,Jharkhand,2045.2966666666669
2017,Karnataka,4315.166842105263
2017,Kerala,719.205
2017,Madhya Pradesh,2461.1408108108103
2017,Maharashtra,2015.3136
2017,Orissa,2635.1546153846148
2017,Punjab,3142.9036363636365
2017,Rajasthan,1798.296923076923
2017,Tamil Nadu,6965.975833333335
2017,Telangana,4729.612222222222
2017,Uttar Pradesh,2082.2521739130434
2017,Uttarakhand,1952.38375
2017,West Bengal,3801.551999999999
