item_id,category,price,content_tags
I_0000,Electronics,76.23,"country, hot, position"
I_0001,Fashion,39.91,"six, soldier, dream"
I_0002,Books,36.5,"history, drop, point"
I_0003,Books,42.57,"audience, thousand, activity"
I_0004,Fashion,30.73,"guess, first, hit"
I_0005,Electronics,33.36,"stuff, inside, national"
I_0006,Electronics,20.71,"common, likely, would"
I_0007,Electronics,18.16,"authority, onto, add"
I_0008,Beauty,14.9,"democratic, two, we"
I_0009,Home,10.87,"huge, expert, Republican"
I_0010,Electronics,16.38,"short, interest, I"
I_0011,Home,28.81,"policy, Mrs, check"
I_0012,Home,35.96,"base, bad, TV"
I_0013,Books,26.65,"window, choice, force"
I_0014,Fashion,5.03,"only, shake, power"
I_0015,Beauty,116.71,"poor, financial, join"
I_0016,Home,78.98,"well, draw, each"
I_0017,Beauty,47.3,"under, break, partner"
I_0018,Books,152.32,"area, program, price"
I_0019,Electronics,15.15,"compare, actually, case"
I_0020,Home,149.92,"activity, market, get"
I_0021,Fashion,15.3,"military, state, else"
I_0022,Books,40.08,"head, seek, them"
I_0023,Beauty,11.95,"run, brother, tonight"
I_0024,Electronics,33.51,"friend, investment, model"
I_0025,Beauty,45.1,"enjoy, window, physical"
I_0026,Fashion,29.26,"many, member, area"
I_0027,Home,58.62,"teacher, cold, church"
I_0028,Fashion,35.85,"significant, thus, purpose"
I_0029,Beauty,21.8,"boy, scientist, able"
I_0030,Beauty,21.04,"teach, activity, animal"
I_0031,Fashion,63.35,"hair, turn, condition"
I_0032,Fashion,19.63,"whether, along, sort"
I_0033,Fashion,68.88,"research, pretty, different"
I_0034,Electronics,88.07,"eat, trouble, floor"
I_0035,Beauty,8.71,"step, number, budget"
I_0036,Books,81.97,"pull, apply, development"
I_0037,Electronics,172.15,"middle, animal, husband"
I_0038,Electronics,40.51,"theory, tend, similar"
I_0039,Electronics,53.48,"financial, beat, lead"
I_0040,Books,75.91,"hard, factor, six"
I_0041,Fashion,26.57,"science, drug, happy"
I_0042,Beauty,38.31,"will, young, simply"
I_0043,Home,11.57,"run, national, somebody"
I_0044,Home,37.0,"character, usually, agency"
I_0045,Beauty,49.33,"must, player, really"
I_0046,Books,50.05,"act, friend, serve"
I_0047,Home,77.66,"heavy, scene, film"
I_0048,Electronics,17.82,"day, work, information"
I_0049,Home,21.63,"which, win, central"
I_0050,Beauty,150.87,"evidence, analysis, discuss"
I_0051,Electronics,29.36,"suddenly, including, time"
I_0052,Home,38.86,"learn, security, oil"
I_0053,Beauty,31.39,"measure, PM, hour"
I_0054,Books,17.16,"option, artist, production"
I_0055,Beauty,121.37,"candidate, factor, surface"
I_0056,Books,21.71,"unit, hotel, story"
I_0057,Electronics,13.44,"for, laugh, do"
I_0058,Beauty,23.09,"want, carry, show"
I_0059,Fashion,6.68,"board, black, last"
I_0060,Fashion,19.67,"finish, building, group"
I_0061,Fashion,15.26,"show, later, leg"
I_0062,Fashion,54.27,"system, bed, space"
I_0063,Fashion,19.32,"fight, relate, owner"
I_0064,Books,67.37,"Democrat, task, chance"
I_0065,Beauty,101.37,"represent, why, how"
I_0066,Electronics,61.86,"any, federal, star"
I_0067,Fashion,27.87,"community, weight, take"
I_0068,Fashion,37.07,"new, nearly, behind"
I_0069,Electronics,9.78,"big, soldier, building"
I_0070,Electronics,29.75,"article, sit, develop"
I_0071,Fashion,16.64,"cup, hundred, rather"
I_0072,Books,57.71,"visit, base, only"
I_0073,Electronics,259.36,"true, avoid, young"
I_0074,Beauty,49.4,"cup, position, speak"
I_0075,Beauty,6.73,"begin, suggest, speak"
I_0076,Books,24.8,"business, walk, anything"
I_0077,Home,36.52,"under, item, right"
I_0078,Books,35.51,"many, him, interview"
I_0079,Fashion,18.46,"government, traditional, every"
I_0080,Home,40.3,"land, chance, pass"
I_0081,Fashion,12.26,"pay, positive, material"
I_0082,Beauty,15.55,"third, look, because"
I_0083,Electronics,55.51,"him, information, poor"
I_0084,Fashion,14.69,"something, eat, yes"
I_0085,Beauty,50.94,"myself, affect, him"
I_0086,Books,11.07,"require, look, sit"
I_0087,Fashion,135.89,"general, not, focus"
I_0088,Beauty,17.82,"establish, ago, others"
I_0089,Electronics,27.69,"ahead, specific, exactly"
I_0090,Fashion,43.14,"speak, line, group"
I_0091,Beauty,21.07,"once, do, city"
I_0092,Fashion,37.14,"easy, drop, move"
I_0093,Electronics,52.47,"social, say, shake"
I_0094,Fashion,71.41,"way, offer, work"
I_0095,Fashion,62.38,"home, very, yard"
I_0096,Beauty,28.86,"community, door, fish"
I_0097,Home,29.45,"scene, grow, option"
I_0098,Fashion,216.87,"region, goal, nothing"
I_0099,Home,70.8,"center, way, student"
I_0100,Books,15.84,"special, wife, my"
I_0101,Fashion,35.87,"compare, also, argue"
I_0102,Home,25.33,"own, after, long"
I_0103,Books,29.72,"forward, pass, southern"
I_0104,Beauty,12.38,"future, concern, sort"
I_0105,Fashion,23.82,"than, arrive, challenge"
I_0106,Beauty,141.07,"relate, center, book"
I_0107,Books,52.63,"money, half, authority"
I_0108,Beauty,4.51,"relate, product, only"
I_0109,Beauty,87.65,"from, follow, wish"
I_0110,Electronics,79.18,"run, join, police"
I_0111,Books,24.84,"maintain, fish, religious"
I_0112,Beauty,58.78,"no, threat, party"
I_0113,Home,16.65,"ground, program, sport"
I_0114,Books,22.73,"her, safe, family"
I_0115,Electronics,109.82,"concern, ability, reduce"
I_0116,Fashion,26.65,"of, surface, side"
I_0117,Beauty,7.42,"nothing, consider, fish"
I_0118,Home,31.48,"speak, particularly, policy"
I_0119,Electronics,31.1,"bit, many, former"
I_0120,Books,86.37,"back, get, floor"
I_0121,Beauty,33.5,"player, white, start"
I_0122,Electronics,23.64,"prove, role, from"
I_0123,Electronics,76.4,"activity, decide, really"
I_0124,Home,36.48,"go, skin, result"
I_0125,Fashion,18.17,"answer, just, information"
I_0126,Fashion,83.43,"coach, increase, think"
I_0127,Fashion,38.66,"goal, heart, stock"
I_0128,Books,33.19,"small, official, serve"
I_0129,Electronics,38.18,"difficult, later, son"
I_0130,Books,14.06,"almost, after, end"
I_0131,Electronics,21.71,"bit, game, thousand"
I_0132,Home,33.21,"claim, avoid, walk"
I_0133,Home,28.34,"within, full, world"
I_0134,Books,91.65,"throw, relate, issue"
I_0135,Books,39.41,"president, parent, its"
I_0136,Home,65.62,"approach, former, window"
I_0137,Beauty,33.37,"important, never, understand"
I_0138,Fashion,77.09,"music, produce, father"
I_0139,Fashion,45.51,"benefit, hotel, near"
I_0140,Home,33.47,"make, approach, about"
I_0141,Fashion,32.77,"because, station, person"
I_0142,Beauty,15.43,"lose, best, deal"
I_0143,Beauty,49.68,"point, with, list"
I_0144,Electronics,32.07,"break, size, likely"
I_0145,Books,22.16,"thus, enter, politics"
I_0146,Fashion,80.25,"hold, he, high"
I_0147,Beauty,12.18,"cost, and, keep"
I_0148,Books,23.62,"enjoy, student, nor"
I_0149,Books,75.35,"character, recent, benefit"
I_0150,Electronics,42.62,"property, space, including"
I_0151,Books,31.87,"series, dinner, article"
I_0152,Books,40.48,"hit, mission, whole"
I_0153,Home,38.23,"reach, view, of"
I_0154,Electronics,9.84,"dog, federal, house"
I_0155,Electronics,25.04,"take, alone, number"
I_0156,Fashion,120.69,"might, number, work"
I_0157,Books,19.54,"challenge, we, last"
I_0158,Fashion,25.67,"we, cold, deep"
I_0159,Beauty,21.47,"cover, amount, bad"
I_0160,Books,30.89,"raise, dark, state"
I_0161,Beauty,20.77,"challenge, organization, floor"
I_0162,Home,48.88,"road, southern, beautiful"
I_0163,Books,38.78,"news, need, task"
I_0164,Fashion,61.49,"mind, true, actually"
I_0165,Fashion,14.29,"red, onto, site"
I_0166,Books,25.22,"both, change, note"
I_0167,Fashion,27.64,"old, who, beyond"
I_0168,Books,47.68,"black, single, size"
I_0169,Electronics,17.56,"test, they, there"
I_0170,Fashion,68.89,"enough, pressure, occur"
I_0171,Books,85.55,"list, common, idea"
I_0172,Books,15.01,"peace, race, I"
I_0173,Fashion,22.36,"how, these, real"
I_0174,Electronics,21.64,"any, little, environmental"
I_0175,Fashion,272.03,"head, full, soldier"
I_0176,Books,23.48,"financial, successful, teach"
I_0177,Electronics,126.74,"range, win, direction"
I_0178,Beauty,12.02,"feel, season, similar"
I_0179,Home,15.0,"fly, rock, painting"
I_0180,Fashion,19.12,"become, kid, tree"
I_0181,Books,16.83,"imagine, machine, might"
I_0182,Electronics,26.73,"hear, argue, social"
I_0183,Electronics,18.78,"assume, remember, idea"
I_0184,Beauty,17.19,"sister, modern, notice"
I_0185,Fashion,83.66,"community, themselves, customer"
I_0186,Electronics,88.15,"arm, almost, anything"
I_0187,Beauty,70.77,"growth, current, happy"
I_0188,Books,50.36,"less, however, type"
I_0189,Beauty,35.67,"race, drop, major"
I_0190,Fashion,22.25,"land, whether, listen"
I_0191,Beauty,15.45,"necessary, general, study"
I_0192,Electronics,44.27,"else, store, bed"
I_0193,Electronics,12.95,"agree, anyone, take"
I_0194,Home,14.95,"sister, Democrat, determine"
I_0195,Beauty,83.29,"different, deal, prepare"
I_0196,Books,151.49,"message, ten, whose"
I_0197,Fashion,45.36,"radio, listen, car"
I_0198,Home,80.25,"community, song, difference"
I_0199,Beauty,27.2,"part, wall, require"
I_0200,Books,11.36,"remember, every, time"
I_0201,Home,54.04,"surface, learn, design"
I_0202,Electronics,52.22,"few, minute, perhaps"
I_0203,Fashion,35.07,"once, account, yourself"
I_0204,Beauty,27.28,"whom, style, no"
I_0205,Books,71.51,"order, executive, range"
I_0206,Electronics,15.05,"loss, from, everybody"
I_0207,Home,17.83,"foot, everybody, prevent"
I_0208,Fashion,14.78,"weight, prepare, could"
I_0209,Home,35.44,"military, drive, arm"
I_0210,Home,13.87,"tax, special, identify"
I_0211,Books,19.16,"floor, cause, agent"
I_0212,Electronics,18.83,"market, fast, trade"
I_0213,Beauty,26.88,"identify, say, on"
I_0214,Books,10.08,"yes, staff, gas"
I_0215,Fashion,35.51,"require, rather, point"
I_0216,Home,89.82,"little, wait, grow"
I_0217,Fashion,36.91,"feel, color, price"
I_0218,Books,113.64,"next, family, likely"
I_0219,Books,96.27,"scientist, rise, next"
I_0220,Beauty,61.69,"tree, water, tonight"
I_0221,Home,35.15,"pressure, develop, development"
I_0222,Books,33.72,"the, inside, thought"
I_0223,Fashion,61.01,"he, one, less"
I_0224,Beauty,24.21,"brother, approach, plant"
I_0225,Fashion,7.34,"oil, per, line"
I_0226,Home,49.09,"create, build, quite"
I_0227,Beauty,13.4,"morning, including, that"
I_0228,Beauty,15.34,"character, yeah, garden"
I_0229,Beauty,33.12,"would, throughout, would"
I_0230,Electronics,30.69,"century, television, Congress"
I_0231,Beauty,10.7,"ball, forward, would"
I_0232,Fashion,37.8,"finish, around, later"
I_0233,Fashion,71.73,"decide, similar, office"
I_0234,Home,13.43,"citizen, size, sister"
I_0235,Books,91.65,"can, its, investment"
I_0236,Books,9.51,"investment, local, above"
I_0237,Electronics,180.16,"move, room, wear"
I_0238,Beauty,23.83,"throughout, series, most"
I_0239,Electronics,37.21,"adult, above, safe"
I_0240,Home,7.29,"difficult, theory, fine"
I_0241,Home,31.51,"bill, me, fill"
I_0242,Books,39.76,"assume, animal, way"
I_0243,Home,30.91,"lay, minute, model"
I_0244,Beauty,21.11,"its, rather, card"
I_0245,Fashion,15.53,"you, majority, seek"
I_0246,Home,81.81,"close, trade, speech"
I_0247,Electronics,33.94,"affect, difference, world"
I_0248,Beauty,113.59,"deep, against, mean"
I_0249,Home,21.73,"but, represent, society"
I_0250,Home,23.39,"heart, policy, side"
I_0251,Beauty,63.59,"perhaps, order, answer"
I_0252,Home,9.04,"blue, structure, answer"
I_0253,Fashion,12.54,"break, know, buy"
I_0254,Books,79.68,"education, reduce, day"
I_0255,Beauty,12.97,"rate, act, inside"
I_0256,Electronics,7.73,"big, minute, performance"
I_0257,Home,147.65,"red, industry, together"
I_0258,Books,10.86,"memory, pay, executive"
I_0259,Electronics,38.37,"size, marriage, participant"
I_0260,Electronics,35.0,"sing, story, win"
I_0261,Fashion,3.5,"group, important, civil"
I_0262,Books,26.74,"nature, travel, read"
I_0263,Beauty,47.41,"lose, doctor, actually"
I_0264,Books,43.97,"become, book, off"
I_0265,Books,68.23,"management, we, single"
I_0266,Electronics,24.29,"avoid, rich, toward"
I_0267,Fashion,58.56,"popular, lead, with"
I_0268,Fashion,19.08,"enough, anyone, spend"
I_0269,Books,10.71,"them, system, growth"
I_0270,Books,11.73,"quality, international, break"
I_0271,Home,10.28,"surface, three, act"
I_0272,Electronics,74.27,"catch, positive, forget"
I_0273,Beauty,9.86,"thus, western, environmental"
I_0274,Beauty,41.23,"run, head, garden"
I_0275,Fashion,26.77,"box, hundred, lead"
I_0276,Electronics,30.5,"structure, ready, long"
I_0277,Fashion,98.58,"instead, though, coach"
I_0278,Beauty,23.32,"car, risk, word"
I_0279,Books,54.02,"such, billion, treat"
I_0280,Electronics,34.13,"lot, notice, just"
I_0281,Electronics,29.32,"particularly, single, particularly"
I_0282,Home,208.51,"television, they, road"
I_0283,Books,10.45,"through, low, maintain"
I_0284,Books,92.88,"thought, key, as"
I_0285,Fashion,55.99,"pressure, actually, than"
I_0286,Electronics,22.56,"modern, season, rich"
I_0287,Fashion,121.93,"difference, what, their"
I_0288,Books,7.55,"mind, read, peace"
I_0289,Home,21.81,"item, risk, loss"
I_0290,Electronics,12.59,"professional, political, chance"
I_0291,Books,46.05,"step, throughout, party"
I_0292,Home,13.59,"activity, various, measure"
I_0293,Beauty,46.83,"light, many, close"
I_0294,Books,28.53,"seem, fly, former"
I_0295,Beauty,22.57,"everything, medical, nearly"
I_0296,Fashion,45.19,"her, stage, bad"
I_0297,Beauty,26.71,"know, of, because"
I_0298,Books,13.86,"material, firm, wonder"
I_0299,Beauty,311.41,"seat, adult, idea"
I_0300,Electronics,22.43,"along, near, stay"
I_0301,Books,5.62,"social, white, point"
I_0302,Home,16.88,"three, none, pressure"
I_0303,Beauty,12.02,"lay, future, stay"
I_0304,Electronics,64.13,"staff, such, forward"
I_0305,Fashion,42.83,"should, outside, respond"
I_0306,Fashion,45.56,"guy, laugh, best"
I_0307,Beauty,24.63,"probably, able, great"
I_0308,Fashion,26.48,"plant, son, natural"
I_0309,Home,24.61,"hear, blood, to"
I_0310,Books,31.03,"manage, state, score"
I_0311,Electronics,64.6,"important, effect, cultural"
I_0312,Beauty,43.33,"building, system, democratic"
I_0313,Fashion,49.41,"station, course, full"
I_0314,Books,49.39,"serious, another, plan"
I_0315,Home,67.19,"public, but, through"
I_0316,Fashion,41.7,"leader, operation, mean"
I_0317,Fashion,44.13,"white, above, save"
I_0318,Electronics,85.72,"network, item, one"
I_0319,Home,19.45,"under, sit, travel"
I_0320,Home,16.7,"reality, community, spring"
I_0321,Beauty,12.82,"billion, price, paper"
I_0322,Electronics,38.33,"focus, thing, industry"
I_0323,Beauty,7.52,"participant, realize, eat"
I_0324,Electronics,47.93,"huge, garden, family"
I_0325,Home,30.35,"source, catch, owner"
I_0326,Electronics,82.08,"though, mention, successful"
I_0327,Electronics,19.35,"natural, finish, say"
I_0328,Electronics,28.14,"network, design, decide"
I_0329,Books,81.27,"research, rather, TV"
I_0330,Books,100.13,"car, report, window"
I_0331,Home,19.22,"concern, my, PM"
I_0332,Electronics,38.3,"report, set, no"
I_0333,Home,41.91,"old, wall, report"
I_0334,Books,44.65,"purpose, throw, move"
I_0335,Electronics,26.84,"there, institution, actually"
I_0336,Beauty,92.31,"blood, herself, apply"
I_0337,Books,7.3,"argue, environment, size"
I_0338,Books,23.64,"worker, raise, chair"
I_0339,Books,47.39,"artist, six, daughter"
I_0340,Electronics,47.74,"must, grow, laugh"
I_0341,Fashion,97.73,"pattern, push, no"
I_0342,Beauty,86.36,"difference, positive, home"
I_0343,Beauty,26.35,"memory, someone, receive"
I_0344,Home,93.68,"realize, another, high"
I_0345,Electronics,18.7,"indicate, small, rate"
I_0346,Books,69.74,"whole, approach, season"
I_0347,Fashion,140.95,"data, than, team"
I_0348,Electronics,87.53,"kitchen, difficult, plant"
I_0349,Electronics,36.04,"remember, happy, open"
I_0350,Fashion,25.4,"school, cultural, right"
I_0351,Books,9.75,"cover, large, work"
I_0352,Electronics,42.45,"avoid, while, same"
I_0353,Beauty,13.57,"budget, American, evidence"
I_0354,Beauty,17.56,"enough, claim, suffer"
I_0355,Fashion,12.77,"accept, letter, visit"
I_0356,Books,22.91,"always, up, others"
I_0357,Fashion,32.38,"similar, personal, successful"
I_0358,Electronics,41.22,"feeling, so, nearly"
I_0359,Beauty,20.48,"authority, remain, moment"
I_0360,Home,77.9,"whatever, minute, skill"
I_0361,Fashion,28.03,"city, myself, idea"
I_0362,Home,17.63,"glass, third, professional"
I_0363,Home,39.69,"former, family, wear"
I_0364,Beauty,159.31,"peace, little, no"
I_0365,Fashion,43.3,"sell, power, boy"
I_0366,Home,24.77,"generation, drive, politics"
I_0367,Electronics,9.76,"truth, during, always"
I_0368,Books,27.78,"those, high, someone"
I_0369,Books,39.96,"box, either, rich"
I_0370,Beauty,24.29,"agency, might, side"
I_0371,Fashion,8.74,"method, meet, main"
I_0372,Fashion,16.77,"fast, prepare, fly"
I_0373,Books,106.02,"bank, benefit, will"
I_0374,Electronics,104.29,"significant, mouth, phone"
I_0375,Books,16.29,"decision, picture, defense"
I_0376,Books,56.72,"rate, structure, day"
I_0377,Fashion,12.9,"stock, these, scientist"
I_0378,Home,101.85,"itself, stage, authority"
I_0379,Electronics,40.29,"rather, agency, response"
I_0380,Fashion,70.79,"also, available, concern"
I_0381,Books,8.4,"edge, audience, start"
I_0382,Home,56.95,"treat, imagine, later"
I_0383,Electronics,32.91,"identify, first, hope"
I_0384,Beauty,65.47,"brother, accept, result"
I_0385,Electronics,68.85,"as, second, animal"
I_0386,Electronics,34.9,"summer, group, me"
I_0387,Books,20.48,"face, rate, paper"
I_0388,Books,61.79,"example, unit, high"
I_0389,Beauty,31.56,"state, air, choose"
I_0390,Beauty,16.47,"detail, section, someone"
I_0391,Beauty,15.86,"support, far, plant"
I_0392,Fashion,10.16,"fear, thought, whole"
I_0393,Fashion,22.02,"term, possible, whatever"
I_0394,Books,80.01,"action, themselves, center"
I_0395,Books,38.18,"among, of, hour"
I_0396,Beauty,21.68,"natural, be, decide"
I_0397,Fashion,63.05,"scientist, rise, deep"
I_0398,Home,17.01,"town, surface, central"
I_0399,Fashion,35.74,"contain, pattern, education"
I_0400,Books,28.68,"boy, provide, note"
I_0401,Fashion,61.76,"approach, seem, wrong"
I_0402,Books,9.38,"nature, popular, available"
I_0403,Beauty,16.77,"public, economy, culture"
I_0404,Beauty,8.93,"oil, week, ground"
I_0405,Beauty,26.91,"provide, doctor, expect"
I_0406,Home,87.28,"attorney, cover, magazine"
I_0407,Home,22.1,"foreign, process, really"
I_0408,Books,22.01,"charge, note, space"
I_0409,Electronics,66.51,"when, collection, finish"
I_0410,Home,77.85,"size, Republican, political"
I_0411,Books,30.85,"everybody, growth, quickly"
I_0412,Fashion,57.27,"former, lose, knowledge"
I_0413,Beauty,13.99,"simple, main, board"
I_0414,Beauty,99.72,"population, bank, exactly"
I_0415,Beauty,184.74,"step, through, cultural"
I_0416,Books,50.25,"safe, phone, road"
I_0417,Beauty,6.25,"throughout, support, place"
I_0418,Home,21.19,"spend, often, shoulder"
I_0419,Fashion,54.07,"defense, already, end"
I_0420,Beauty,23.64,"thus, music, president"
I_0421,Books,91.63,"chance, hotel, through"
I_0422,Fashion,53.01,"operation, tax, card"
I_0423,Beauty,18.82,"may, bed, hair"
I_0424,Electronics,33.98,"action, draw, who"
I_0425,Beauty,16.2,"word, range, serious"
I_0426,Home,28.62,"cell, city, not"
I_0427,Fashion,21.25,"not, the, certainly"
I_0428,Home,84.76,"rule, voice, American"
I_0429,Electronics,179.97,"seven, discussion, enough"
I_0430,Electronics,10.54,"doctor, protect, military"
I_0431,Home,7.11,"social, hold, truth"
I_0432,Fashion,27.22,"thing, always, possible"
I_0433,Electronics,9.83,"billion, why, plant"
I_0434,Electronics,34.36,"event, score, official"
I_0435,Beauty,60.29,"now, heavy, her"
I_0436,Books,109.43,"onto, together, back"
I_0437,Electronics,38.9,"edge, win, development"
I_0438,Fashion,28.37,"image, stage, generation"
I_0439,Fashion,6.8,"society, thought, according"
I_0440,Beauty,33.82,"think, key, discover"
I_0441,Fashion,35.06,"method, exactly, change"
I_0442,Beauty,55.21,"church, own, stage"
I_0443,Electronics,18.79,"produce, increase, form"
I_0444,Electronics,23.38,"box, push, look"
I_0445,Electronics,10.15,"opportunity, positive, improve"
I_0446,Electronics,5.3,"during, campaign, or"
I_0447,Books,13.64,"care, mention, three"
I_0448,Books,9.43,"chair, coach, two"
I_0449,Electronics,43.35,"might, if, wide"
I_0450,Fashion,21.88,"point, these, road"
I_0451,Beauty,21.53,"start, water, describe"
I_0452,Home,15.07,"paper, likely, loss"
I_0453,Beauty,2.49,"detail, improve, central"
I_0454,Home,110.68,"old, should, perhaps"
I_0455,Home,14.88,"member, cold, rate"
I_0456,Electronics,23.81,"two, others, attention"
I_0457,Home,10.34,"her, car, admit"
I_0458,Electronics,72.06,"mission, training, range"
I_0459,Books,37.14,"step, painting, concern"
I_0460,Fashion,17.1,"top, outside, there"
I_0461,Home,24.2,"mother, sell, behavior"
I_0462,Fashion,126.79,"process, top, much"
I_0463,Electronics,31.24,"ability, visit, question"
I_0464,Home,28.63,"issue, inside, themselves"
I_0465,Beauty,15.59,"recently, investment, voice"
I_0466,Books,7.27,"lot, shoulder, go"
I_0467,Books,29.14,"source, traditional, student"
I_0468,Home,42.97,"office, international, effort"
I_0469,Books,79.81,"she, travel, base"
I_0470,Beauty,5.48,"our, myself, election"
I_0471,Fashion,13.46,"accept, season, according"
I_0472,Beauty,20.81,"mission, mind, heart"
I_0473,Books,33.02,"day, sound, impact"
I_0474,Fashion,29.49,"blood, international, one"
I_0475,Beauty,30.04,"end, movie, north"
I_0476,Electronics,45.9,"partner, yeah, however"
I_0477,Electronics,16.08,"data, need, newspaper"
I_0478,Fashion,69.92,"condition, next, low"
I_0479,Fashion,46.84,"write, officer, similar"
I_0480,Fashion,25.64,"huge, catch, tell"
I_0481,Electronics,119.19,"budget, discover, situation"
I_0482,Beauty,115.02,"we, beyond, meet"
I_0483,Fashion,69.85,"skill, song, pass"
I_0484,Electronics,2.96,"range, appear, home"
I_0485,Fashion,117.11,"player, source, statement"
I_0486,Fashion,62.54,"likely, outside, because"
I_0487,Fashion,164.86,"enjoy, he, participant"
I_0488,Electronics,89.12,"right, us, husband"
I_0489,Beauty,117.06,"prevent, expert, white"
I_0490,Electronics,66.88,"arm, similar, compare"
I_0491,Electronics,97.41,"manager, action, sure"
I_0492,Fashion,163.25,"us, million, crime"
I_0493,Home,39.38,"six, member, recognize"
I_0494,Home,9.41,"past, purpose, growth"
I_0495,Home,25.89,"pretty, wish, beautiful"
I_0496,Electronics,45.24,"every, human, prove"
I_0497,Fashion,35.16,"if, customer, address"
I_0498,Home,12.22,"region, try, near"
I_0499,Books,8.98,"risk, next, on"
I_0500,Books,18.3,"girl, spring, difficult"
I_0501,Books,63.19,"white, lawyer, identify"
I_0502,Beauty,117.25,"above, company, media"
I_0503,Fashion,68.94,"next, me, future"
I_0504,Electronics,77.16,"bring, message, election"
I_0505,Electronics,31.04,"Mrs, soldier, economic"
I_0506,Fashion,8.22,"kind, help, low"
I_0507,Beauty,23.01,"during, fund, simply"
I_0508,Fashion,26.92,"race, to, television"
I_0509,Beauty,22.25,"loss, election, him"
I_0510,Home,34.6,"small, detail, red"
I_0511,Home,47.14,"son, include, good"
I_0512,Beauty,65.52,"movie, red, enjoy"
I_0513,Fashion,26.51,"expert, human, see"
I_0514,Home,7.22,"garden, never, condition"
I_0515,Fashion,22.5,"finish, despite, off"
I_0516,Home,34.29,"consumer, second, us"
I_0517,Fashion,88.08,"couple, say, dog"
I_0518,Fashion,21.03,"drug, enter, director"
I_0519,Books,49.9,"strong, student, green"
I_0520,Beauty,41.77,"single, build, bad"
I_0521,Electronics,34.3,"what, manage, according"
I_0522,Beauty,69.72,"tax, when, summer"
I_0523,Fashion,19.52,"he, firm, together"
I_0524,Fashion,20.9,"thing, off, ever"
I_0525,Beauty,32.8,"consumer, share, memory"
I_0526,Fashion,19.84,"huge, seek, campaign"
I_0527,Home,49.72,"moment, institution, vote"
I_0528,Fashion,18.72,"allow, girl, team"
I_0529,Beauty,39.69,"simply, lead, build"
I_0530,Beauty,30.57,"million, firm, across"
I_0531,Beauty,39.33,"purpose, here, beyond"
I_0532,Books,22.92,"gun, technology, cost"
I_0533,Books,25.25,"enjoy, especially, when"
I_0534,Books,35.76,"gas, contain, interest"
I_0535,Books,38.93,"industry, sell, half"
I_0536,Books,33.0,"hundred, late, number"
I_0537,Books,129.58,"without, rather, sport"
I_0538,Books,14.99,"result, sound, new"
I_0539,Beauty,31.46,"task, cultural, son"
I_0540,Electronics,9.4,"school, list, act"
I_0541,Books,44.6,"instead, care, throw"
I_0542,Beauty,13.57,"piece, move, firm"
I_0543,Electronics,26.51,"main, economy, teach"
I_0544,Books,24.59,"answer, between, clear"
I_0545,Electronics,41.46,"democratic, effect, stuff"
I_0546,Electronics,21.28,"benefit, seat, employee"
I_0547,Home,20.57,"growth, newspaper, special"
I_0548,Fashion,104.45,"general, in, go"
I_0549,Home,41.58,"quickly, paper, officer"
I_0550,Electronics,21.14,"practice, Mrs, without"
I_0551,Beauty,27.09,"expect, foot, member"
I_0552,Books,123.51,"simple, land, bad"
I_0553,Fashion,27.44,"party, less, what"
I_0554,Books,19.08,"than, political, up"
I_0555,Beauty,19.14,"instead, partner, if"
I_0556,Fashion,21.34,"trade, bad, gas"
I_0557,Home,20.58,"finish, president, report"
I_0558,Electronics,11.9,"painting, house, thought"
I_0559,Beauty,13.47,"sit, voice, security"
I_0560,Electronics,17.06,"minute, late, cold"
I_0561,Electronics,53.16,"take, by, doctor"
I_0562,Books,24.41,"edge, season, see"
I_0563,Beauty,28.06,"decision, however, believe"
I_0564,Electronics,91.48,"view, list, approach"
I_0565,Home,93.32,"side, model, you"
I_0566,Fashion,26.42,"billion, peace, base"
I_0567,Beauty,19.99,"use, hope, director"
I_0568,Books,16.58,"scene, kitchen, call"
I_0569,Beauty,57.64,"money, color, along"
I_0570,Books,28.11,"ground, trip, ten"
I_0571,Fashion,24.31,"level, that, various"
I_0572,Home,17.27,"nature, career, way"
I_0573,Electronics,17.89,"much, opportunity, lead"
I_0574,Beauty,42.78,"see, theory, itself"
I_0575,Books,11.56,"policy, move, training"
I_0576,Fashion,73.4,"loss, dinner, become"
I_0577,Electronics,21.6,"film, include, choose"
I_0578,Fashion,29.38,"action, model, serve"
I_0579,Home,11.36,"carry, expert, movement"
I_0580,Electronics,32.79,"reach, man, sense"
I_0581,Electronics,25.47,"federal, she, something"
I_0582,Electronics,31.81,"others, someone, nature"
I_0583,Books,107.49,"country, think, join"
I_0584,Electronics,38.17,"economic, resource, position"
I_0585,Fashion,17.54,"stock, determine, bad"
I_0586,Books,18.75,"personal, might, son"
I_0587,Electronics,53.31,"party, really, even"
I_0588,Fashion,93.59,"possible, mother, especially"
I_0589,Fashion,41.49,"could, attention, carry"
I_0590,Beauty,57.45,"book, lay, laugh"
I_0591,Fashion,53.94,"red, man, fly"
I_0592,Home,103.05,"charge, wide, against"
I_0593,Electronics,6.96,"win, example, by"
I_0594,Electronics,56.47,"just, account, bed"
I_0595,Electronics,72.75,"address, describe, inside"
I_0596,Fashion,11.35,"size, marriage, he"
I_0597,Fashion,16.3,"recent, all, bag"
I_0598,Electronics,16.77,"seek, certainly, entire"
I_0599,Books,18.49,"hotel, myself, consider"
I_0600,Books,22.53,"time, economic, high"
I_0601,Home,40.21,"actually, window, research"
I_0602,Beauty,66.19,"his, window, east"
I_0603,Home,78.65,"yes, current, same"
I_0604,Electronics,16.94,"behind, program, decade"
I_0605,Electronics,16.85,"home, which, view"
I_0606,Electronics,94.88,"city, rock, seat"
I_0607,Beauty,55.56,"near, business, loss"
I_0608,Fashion,35.39,"federal, growth, appear"
I_0609,Beauty,48.36,"project, wind, door"
I_0610,Home,32.34,"its, address, some"
I_0611,Fashion,50.38,"once, how, during"
I_0612,Fashion,25.31,"why, ok, real"
I_0613,Home,41.06,"read, choice, side"
I_0614,Fashion,9.89,"eat, matter, rather"
I_0615,Books,19.1,"full, wide, service"
I_0616,Home,19.27,"art, green, child"
I_0617,Home,24.54,"movie, blue, maintain"
I_0618,Books,15.78,"first, next, popular"
I_0619,Beauty,21.61,"girl, through, run"
I_0620,Beauty,9.86,"again, help, right"
I_0621,Beauty,51.37,"economy, always, religious"
I_0622,Fashion,31.0,"next, my, majority"
I_0623,Books,8.46,"note, myself, food"
I_0624,Home,16.98,"life, test, out"
I_0625,Home,43.35,"team, civil, most"
I_0626,Home,21.45,"last, standard, must"
I_0627,Fashion,18.96,"law, simply, media"
I_0628,Fashion,31.2,"safe, third, people"
I_0629,Beauty,43.59,"hair, per, fly"
I_0630,Fashion,10.5,"as, whose, standard"
I_0631,Beauty,51.42,"couple, raise, she"
I_0632,Beauty,17.46,"child, executive, important"
I_0633,Home,32.64,"focus, benefit, probably"
I_0634,Fashion,32.19,"analysis, visit, condition"
I_0635,Beauty,21.72,"all, blood, court"
I_0636,Books,14.6,"all, politics, home"
I_0637,Books,26.35,"majority, perhaps, opportunity"
I_0638,Fashion,121.54,"any, determine, responsibility"
I_0639,Home,11.14,"actually, TV, pretty"
I_0640,Home,128.23,"up, story, life"
I_0641,Beauty,26.9,"police, guess, sea"
I_0642,Fashion,34.07,"three, state, some"
I_0643,Books,13.88,"around, pay, more"
I_0644,Beauty,17.87,"same, strong, back"
I_0645,Beauty,22.15,"democratic, mind, big"
I_0646,Electronics,14.35,"discuss, history, cover"
I_0647,Fashion,28.02,"prevent, now, way"
I_0648,Beauty,23.91,"next, newspaper, second"
I_0649,Books,145.57,"short, office, purpose"
I_0650,Electronics,13.03,"reflect, interview, bit"
I_0651,Books,35.95,"society, nearly, measure"
I_0652,Home,40.38,"price, move, outside"
I_0653,Electronics,14.07,"value, total, nearly"
I_0654,Electronics,57.37,"you, suddenly, include"
I_0655,Beauty,24.08,"plan, step, food"
I_0656,Home,4.51,"drive, nation, heart"
I_0657,Beauty,56.14,"nearly, season, growth"
I_0658,Fashion,13.55,"laugh, where, a"
I_0659,Books,14.32,"alone, expect, administration"
I_0660,Books,57.42,"career, three, according"
I_0661,Beauty,25.09,"worker, Democrat, fire"
I_0662,Books,69.01,"sign, wall, state"
I_0663,Books,87.19,"try, memory, number"
I_0664,Fashion,19.77,"occur, behind, leave"
I_0665,Home,62.47,"choose, enter, threat"
I_0666,Electronics,18.09,"economic, eight, feel"
I_0667,Beauty,197.65,"now, notice, design"
I_0668,Beauty,19.02,"baby, foot, lot"
I_0669,Fashion,75.25,"major, together, reflect"
I_0670,Fashion,65.04,"standard, believe, politics"
I_0671,Electronics,42.64,"also, space, high"
I_0672,Home,19.37,"sister, two, free"
I_0673,Beauty,29.34,"they, its, us"
I_0674,Fashion,5.91,"building, side, section"
I_0675,Beauty,39.63,"support, up, plant"
I_0676,Books,43.8,"place, approach, modern"
I_0677,Beauty,36.85,"floor, north, force"
I_0678,Home,3.07,"recently, check, purpose"
I_0679,Home,12.03,"young, wife, send"
I_0680,Beauty,18.2,"offer, bed, it"
I_0681,Books,41.82,"skill, challenge, from"
I_0682,Home,41.74,"live, seat, nature"
I_0683,Fashion,28.9,"energy, huge, its"
I_0684,Beauty,55.05,"recently, seven, lose"
I_0685,Books,14.57,"cup, house, number"
I_0686,Fashion,53.96,"night, young, modern"
I_0687,Beauty,48.41,"drug, entire, involve"
I_0688,Books,44.79,"range, office, both"
I_0689,Fashion,28.63,"including, half, couple"
I_0690,Home,143.25,"general, pretty, show"
I_0691,Beauty,49.13,"college, glass, start"
I_0692,Beauty,15.26,"sort, perhaps, key"
I_0693,Home,40.39,"under, do, rate"
I_0694,Electronics,60.46,"choose, rock, beat"
I_0695,Fashion,20.69,"science, drug, per"
I_0696,Home,79.16,"challenge, strategy, explain"
I_0697,Beauty,44.95,"gas, sound, figure"
I_0698,Fashion,5.08,"likely, forward, science"
I_0699,Fashion,42.09,"deep, national, seek"
I_0700,Electronics,23.93,"nature, performance, yeah"
I_0701,Beauty,50.89,"reason, property, heavy"
I_0702,Books,70.48,"town, money, eight"
I_0703,Electronics,38.71,"art, customer, recent"
I_0704,Electronics,125.49,"even, let, war"
I_0705,Books,28.7,"at, produce, production"
I_0706,Books,54.59,"tree, growth, blue"
I_0707,Electronics,63.05,"fall, third, hit"
I_0708,Fashion,30.63,"woman, meet, report"
I_0709,Home,61.75,"tough, machine, others"
I_0710,Home,20.58,"because, current, whom"
I_0711,Electronics,23.62,"night, Republican, always"
I_0712,Fashion,11.59,"two, figure, majority"
I_0713,Books,40.17,"season, adult, range"
I_0714,Electronics,42.96,"green, few, you"
I_0715,Beauty,85.06,"without, every, artist"
I_0716,Fashion,62.36,"election, hit, yourself"
I_0717,Beauty,26.37,"wrong, want, we"
I_0718,Beauty,12.9,"difficult, game, hotel"
I_0719,Electronics,46.82,"case, role, minute"
I_0720,Fashion,80.53,"question, their, rather"
I_0721,Beauty,60.59,"individual, of, interview"
I_0722,Fashion,78.85,"fine, painting, last"
I_0723,Home,27.95,"capital, present, ok"
I_0724,Beauty,22.8,"range, dark, catch"
I_0725,Beauty,18.37,"read, together, travel"
I_0726,Fashion,31.67,"involve, training, show"
I_0727,Home,31.1,"prevent, north, citizen"
I_0728,Beauty,39.07,"attack, mouth, rest"
I_0729,Electronics,29.86,"contain, style, certainly"
I_0730,Fashion,29.76,"ahead, five, win"
I_0731,Fashion,17.79,"which, field, seat"
I_0732,Beauty,70.34,"start, PM, scene"
I_0733,Home,35.21,"charge, could, capital"
I_0734,Beauty,28.8,"ago, worry, pay"
I_0735,Books,18.21,"paper, partner, others"
I_0736,Beauty,11.41,"discuss, ago, bag"
I_0737,Books,94.29,"sister, care, suffer"
I_0738,Electronics,51.61,"light, power, contain"
I_0739,Fashion,9.03,"hold, listen, clearly"
I_0740,Fashion,60.98,"difficult, impact, why"
I_0741,Home,69.27,"understand, wear, development"
I_0742,Beauty,36.58,"provide, dark, daughter"
I_0743,Electronics,118.92,"computer, western, keep"
I_0744,Books,39.38,"pay, reach, term"
I_0745,Home,10.66,"thought, into, simply"
I_0746,Electronics,44.35,"part, station, result"
I_0747,Electronics,40.28,"hour, voice, occur"
I_0748,Books,20.44,"movie, political, region"
I_0749,Books,52.4,"although, body, lead"
I_0750,Fashion,8.72,"there, there, early"
I_0751,Beauty,73.15,"Mrs, worker, always"
I_0752,Home,16.4,"hold, share, while"
I_0753,Beauty,15.06,"couple, keep, this"
I_0754,Home,30.23,"similar, experience, coach"
I_0755,Electronics,46.82,"family, try, ready"
I_0756,Books,37.76,"tough, less, position"
I_0757,Books,18.28,"bed, may, conference"
I_0758,Electronics,22.09,"one, thus, national"
I_0759,Electronics,13.38,"hotel, food, agent"
I_0760,Home,27.67,"law, to, time"
I_0761,Electronics,78.26,"think, bed, food"
I_0762,Home,33.0,"possible, represent, clearly"
I_0763,Beauty,65.86,"run, before, relationship"
I_0764,Books,106.09,"plant, be, religious"
I_0765,Books,20.69,"risk, window, partner"
I_0766,Books,28.52,"civil, nearly, analysis"
I_0767,Beauty,188.1,"color, friend, the"
I_0768,Beauty,105.16,"television, class, certain"
I_0769,Fashion,8.69,"shoulder, anything, final"
I_0770,Home,45.14,"role, which, eye"
I_0771,Home,33.13,"Congress, together, whether"
I_0772,Fashion,64.15,"about, she, activity"
I_0773,Books,18.25,"marriage, material, space"
I_0774,Home,16.92,"part, management, describe"
I_0775,Home,19.28,"process, law, kind"
I_0776,Books,20.96,"over, according, think"
I_0777,Electronics,63.58,"everything, pick, star"
I_0778,Electronics,12.87,"debate, continue, area"
I_0779,Fashion,20.12,"give, certainly, allow"
I_0780,Beauty,7.92,"official, owner, former"
I_0781,Home,74.12,"because, board, year"
I_0782,Home,91.54,"claim, expect, produce"
I_0783,Fashion,25.49,"record, occur, no"
I_0784,Fashion,26.09,"whom, see, growth"
I_0785,Home,47.59,"along, shoulder, follow"
I_0786,Books,107.73,"today, star, serve"
I_0787,Books,45.92,"successful, assume, likely"
I_0788,Beauty,18.95,"business, teacher, forget"
I_0789,Home,9.07,"including, decide, decade"
I_0790,Home,13.57,"around, number, without"
I_0791,Home,35.11,"more, because, right"
I_0792,Home,19.6,"painting, small, religious"
I_0793,Fashion,38.71,"interview, summer, employee"
I_0794,Electronics,21.28,"offer, perhaps, until"
I_0795,Home,14.2,"pass, market, role"
I_0796,Electronics,12.91,"marriage, space, this"
I_0797,Books,115.57,"discussion, fact, cover"
I_0798,Beauty,67.44,"brother, let, someone"
I_0799,Books,132.21,"scene, debate, past"
I_0800,Home,51.01,"increase, animal, glass"
I_0801,Books,23.48,"south, defense, political"
I_0802,Fashion,95.46,"real, effort, attack"
I_0803,Electronics,32.25,"feel, nearly, short"
I_0804,Home,39.51,"box, four, how"
I_0805,Fashion,32.0,"notice, whether, story"
I_0806,Electronics,3.13,"create, street, two"
I_0807,Fashion,119.56,"look, listen, along"
I_0808,Books,49.05,"career, choice, leave"
I_0809,Home,43.11,"tend, time, leg"
I_0810,Books,31.52,"sport, until, argue"
I_0811,Beauty,37.74,"minute, north, question"
I_0812,Home,20.54,"new, affect, officer"
I_0813,Books,54.23,"forward, trouble, somebody"
I_0814,Home,11.64,"at, chance, subject"
I_0815,Electronics,38.43,"fund, heart, move"
I_0816,Home,51.9,"coach, paper, cost"
I_0817,Home,28.25,"bring, site, final"
I_0818,Electronics,44.55,"tax, report, even"
I_0819,Books,14.98,"beautiful, theory, he"
I_0820,Home,15.29,"stop, few, modern"
I_0821,Fashion,40.02,"company, hear, also"
I_0822,Home,56.99,"dark, begin, media"
I_0823,Books,7.39,"sometimes, toward, child"
I_0824,Electronics,50.28,"future, low, them"
I_0825,Books,21.44,"financial, force, show"
I_0826,Beauty,28.38,"better, word, might"
I_0827,Home,11.34,"yeah, day, already"
I_0828,Home,16.76,"hold, ten, break"
I_0829,Electronics,71.73,"financial, analysis, summer"
I_0830,Home,34.0,"the, four, threat"
I_0831,Fashion,24.38,"billion, she, seat"
I_0832,Fashion,30.17,"against, serve, police"
I_0833,Books,48.98,"decide, customer, expert"
I_0834,Electronics,47.11,"mother, significant, provide"
I_0835,Beauty,31.19,"evening, church, boy"
I_0836,Books,79.39,"when, nice, bill"
I_0837,Electronics,71.98,"my, near, even"
I_0838,Electronics,46.09,"wall, sound, off"
I_0839,Books,34.59,"commercial, find, throughout"
I_0840,Books,56.03,"music, anything, ahead"
I_0841,Home,42.58,"tough, anyone, himself"
I_0842,Beauty,77.37,"beat, hot, relate"
I_0843,Fashion,68.01,"through, picture, real"
I_0844,Home,14.66,"knowledge, green, forward"
I_0845,Electronics,13.89,"cup, serve, speak"
I_0846,Beauty,18.9,"bad, type, share"
I_0847,Beauty,72.31,"nothing, behavior, sort"
I_0848,Books,9.38,"recognize, best, financial"
I_0849,Beauty,45.41,"popular, short, like"
I_0850,Beauty,44.26,"water, century, time"
I_0851,Electronics,83.94,"election, guy, contain"
I_0852,Home,38.25,"true, form, team"
I_0853,Beauty,11.31,"foot, maintain, assume"
I_0854,Books,15.37,"both, long, suffer"
I_0855,Home,12.86,"executive, give, offer"
I_0856,Books,21.53,"meet, if, research"
I_0857,Beauty,28.61,"blood, news, audience"
I_0858,Home,13.04,"few, leave, opportunity"
I_0859,Beauty,107.4,"draw, during, city"
I_0860,Electronics,11.47,"lot, at, decade"
I_0861,Home,97.21,"really, issue, woman"
I_0862,Books,85.47,"note, garden, reason"
I_0863,Electronics,67.94,"community, prove, school"
I_0864,Fashion,19.01,"Republican, student, boy"
I_0865,Books,43.55,"other, foot, best"
I_0866,Beauty,11.92,"knowledge, final, image"
I_0867,Books,68.63,"our, rate, others"
I_0868,Fashion,31.21,"star, force, population"
I_0869,Books,23.87,"article, design, catch"
I_0870,Electronics,12.44,"oil, sense, special"
I_0871,Books,4.56,"serious, produce, laugh"
I_0872,Home,14.43,"factor, past, language"
I_0873,Fashion,80.66,"day, theory, feel"
I_0874,Books,23.99,"some, quickly, truth"
I_0875,Fashion,28.92,"view, response, trip"
I_0876,Electronics,55.95,"wrong, old, particularly"
I_0877,Home,140.41,"member, summer, system"
I_0878,Beauty,95.58,"artist, too, whose"
I_0879,Books,15.21,"a, nice, without"
I_0880,Electronics,7.0,"body, executive, all"
I_0881,Fashion,218.7,"it, opportunity, personal"
I_0882,Fashion,203.4,"Republican, image, itself"
I_0883,Electronics,38.5,"deep, community, cause"
I_0884,Books,11.98,"new, successful, growth"
I_0885,Beauty,71.56,"individual, eye, their"
I_0886,Books,30.37,"by, activity, possible"
I_0887,Home,30.25,"century, those, price"
I_0888,Books,67.73,"window, career, case"
I_0889,Home,43.27,"south, team, throw"
I_0890,Fashion,12.82,"receive, us, perhaps"
I_0891,Home,25.54,"lawyer, interest, star"
I_0892,Beauty,56.2,"his, difficult, interesting"
I_0893,Electronics,49.81,"account, marriage, room"
I_0894,Home,40.84,"Republican, especially, unit"
I_0895,Books,69.88,"office, almost, also"
I_0896,Home,24.79,"low, happy, oil"
I_0897,Fashion,38.2,"which, bag, room"
I_0898,Home,2.22,"money, teacher, seek"
I_0899,Beauty,23.11,"evidence, might, model"
I_0900,Home,61.02,"particular, early, piece"
I_0901,Beauty,24.23,"professional, protect, range"
I_0902,Books,22.81,"much, often, party"
I_0903,Fashion,14.39,"tough, movement, action"
I_0904,Electronics,73.9,"law, town, off"
I_0905,Books,51.36,"former, good, within"
I_0906,Books,64.09,"far, cold, reason"
I_0907,Electronics,8.32,"our, fight, size"
I_0908,Home,29.13,"employee, picture, official"
I_0909,Home,26.47,"of, prevent, factor"
I_0910,Home,26.46,"say, agree, machine"
I_0911,Fashion,20.23,"camera, baby, six"
I_0912,Books,25.11,"edge, past, every"
I_0913,Beauty,65.35,"either, scientist, page"
I_0914,Electronics,7.17,"travel, school, process"
I_0915,Books,137.25,"have, compare, site"
I_0916,Home,48.77,"door, Congress, month"
I_0917,Electronics,32.01,"almost, worker, whose"
I_0918,Beauty,68.41,"other, start, study"
I_0919,Books,10.37,"sell, include, himself"
I_0920,Books,19.46,"produce, rise, cold"
I_0921,Fashion,30.06,"official, success, approach"
I_0922,Books,98.74,"enough, standard, apply"
I_0923,Books,31.91,"less, live, live"
I_0924,Beauty,47.47,"way, two, do"
I_0925,Beauty,20.66,"raise, hope, enjoy"
I_0926,Electronics,48.89,"most, itself, eye"
I_0927,Home,126.7,"something, high, firm"
I_0928,Beauty,73.44,"morning, what, best"
I_0929,Electronics,31.03,"most, government, such"
I_0930,Books,56.85,"particular, present, evening"
I_0931,Electronics,52.56,"establish, sort, effort"
I_0932,Electronics,49.66,"once, leave, push"
I_0933,Electronics,80.61,"drop, public, side"
I_0934,Electronics,80.12,"mind, question, year"
I_0935,Beauty,29.91,"finish, action, across"
I_0936,Home,55.34,"attack, in, moment"
I_0937,Electronics,24.37,"rate, goal, rise"
I_0938,Fashion,15.82,"edge, alone, people"
I_0939,Books,26.69,"arm, order, thus"
I_0940,Books,31.16,"describe, outside, business"
I_0941,Books,8.76,"when, beat, painting"
I_0942,Books,65.91,"heavy, shake, possible"
I_0943,Books,3.62,"sort, continue, book"
I_0944,Electronics,290.57,"contain, far, produce"
I_0945,Home,110.11,"away, law, yet"
I_0946,Fashion,26.87,"show, realize, property"
I_0947,Beauty,33.37,"show, either, sit"
I_0948,Fashion,42.2,"everyone, artist, home"
I_0949,Beauty,20.67,"you, election, spend"
I_0950,Beauty,38.63,"concern, attorney, woman"
I_0951,Fashion,29.51,"customer, hotel, population"
I_0952,Electronics,30.71,"board, music, issue"
I_0953,Books,38.29,"pass, blood, kid"
I_0954,Electronics,11.58,"else, alone, audience"
I_0955,Books,34.18,"road, since, affect"
I_0956,Home,37.74,"marriage, present, a"
I_0957,Beauty,36.71,"also, hospital, charge"
I_0958,Fashion,27.86,"form, hospital, about"
I_0959,Home,82.29,"remain, side, long"
I_0960,Books,24.96,"identify, road, speech"
I_0961,Electronics,39.72,"audience, difficult, his"
I_0962,Fashion,93.49,"ready, sister, building"
I_0963,Beauty,31.08,"movement, yard, four"
I_0964,Home,39.31,"field, area, young"
I_0965,Beauty,30.66,"positive, half, table"
I_0966,Books,89.11,"future, subject, set"
I_0967,Beauty,26.95,"face, data, never"
I_0968,Electronics,92.45,"whose, produce, federal"
I_0969,Home,30.48,"hope, blood, read"
I_0970,Home,16.65,"main, those, just"
I_0971,Electronics,57.03,"country, along, agent"
I_0972,Beauty,25.95,"you, draw, home"
I_0973,Electronics,54.4,"society, poor, matter"
I_0974,Fashion,3.73,"who, speech, whom"
I_0975,Electronics,33.25,"administration, fund, front"
I_0976,Beauty,22.93,"return, if, deep"
I_0977,Electronics,14.15,"president, mission, vote"
I_0978,Books,21.27,"thank, Mr, scientist"
I_0979,Electronics,20.93,"do, author, save"
I_0980,Electronics,31.87,"major, affect, trade"
I_0981,Beauty,11.09,"peace, drug, possible"
I_0982,Fashion,42.65,"add, plan, toward"
I_0983,Fashion,98.79,"star, best, particularly"
I_0984,Beauty,41.46,"structure, ask, stage"
I_0985,Beauty,63.26,"box, organization, past"
I_0986,Beauty,79.49,"as, dark, front"
I_0987,Books,89.05,"structure, scene, I"
I_0988,Home,147.84,"building, range, national"
I_0989,Electronics,22.21,"focus, who, degree"
I_0990,Beauty,18.64,"animal, community, as"
I_0991,Beauty,61.98,"event, serious, collection"
I_0992,Beauty,58.36,"have, close, during"
I_0993,Fashion,61.59,"old, card, social"
I_0994,Beauty,150.12,"place, heavy, citizen"
I_0995,Electronics,33.42,"they, ball, account"
I_0996,Beauty,46.57,"unit, religious, order"
I_0997,Electronics,15.12,"exist, really, society"
I_0998,Books,182.78,"live, camera, central"
I_0999,Home,25.3,"even, late, dream"
I_1000,Fashion,25.88,"company, reality, other"
I_1001,Electronics,25.09,"response, partner, because"
I_1002,Books,19.77,"step, feeling, industry"
I_1003,Home,18.48,"newspaper, court, worry"
I_1004,Home,21.78,"with, peace, television"
I_1005,Home,11.1,"would, medical, less"
I_1006,Electronics,17.67,"phone, decade, apply"
I_1007,Books,157.46,"both, chance, such"
I_1008,Beauty,59.65,"treatment, marriage, civil"
I_1009,Books,69.46,"two, approach, hair"
I_1010,Books,84.92,"decide, edge, pattern"
I_1011,Books,143.64,"three, law, bit"
I_1012,Electronics,8.03,"appear, Mr, citizen"
I_1013,Electronics,12.38,"ahead, method, audience"
I_1014,Electronics,17.41,"dog, know, often"
I_1015,Books,22.74,"industry, section, together"
I_1016,Electronics,26.04,"discover, body, direction"
I_1017,Home,23.16,"down, include, customer"
I_1018,Electronics,39.47,"through, available, one"
I_1019,Fashion,34.06,"approach, job, democratic"
I_1020,Electronics,18.57,"participant, concern, health"
I_1021,Electronics,5.81,"leader, create, grow"
I_1022,Electronics,14.96,"especially, from, allow"
I_1023,Electronics,21.34,"notice, exactly, book"
I_1024,Fashion,27.18,"letter, industry, set"
I_1025,Beauty,13.41,"detail, far, church"
I_1026,Electronics,22.36,"some, well, town"
I_1027,Home,13.4,"official, need, discover"
I_1028,Fashion,29.94,"in, miss, television"
I_1029,Beauty,14.03,"describe, list, leg"
I_1030,Electronics,16.79,"address, into, their"
I_1031,Beauty,11.62,"easy, its, develop"
I_1032,Home,29.29,"until, watch, trial"
I_1033,Fashion,16.56,"together, individual, analysis"
I_1034,Fashion,68.4,"yard, safe, mean"
I_1035,Beauty,45.82,"international, hour, special"
I_1036,Electronics,31.32,"recent, better, manager"
I_1037,Books,17.5,"bar, send, really"
I_1038,Fashion,44.9,"image, design, grow"
I_1039,Books,57.54,"dream, your, administration"
I_1040,Fashion,37.12,"protect, class, learn"
I_1041,Electronics,119.46,"now, on, with"
I_1042,Electronics,47.83,"less, catch, reflect"
I_1043,Fashion,68.78,"continue, the, phone"
I_1044,Beauty,36.85,"region, ability, physical"
I_1045,Electronics,56.86,"his, real, most"
I_1046,Electronics,17.51,"fast, send, recently"
I_1047,Home,22.95,"partner, offer, debate"
I_1048,Electronics,43.79,"range, per, friend"
I_1049,Home,43.54,"usually, method, travel"
I_1050,Electronics,49.7,"hair, appear, him"
I_1051,Electronics,79.86,"let, American, hand"
I_1052,Beauty,10.59,"possible, relate, night"
I_1053,Beauty,15.19,"similar, catch, friend"
I_1054,Electronics,39.79,"much, power, say"
I_1055,Fashion,18.55,"sell, that, reflect"
I_1056,Fashion,493.84,"send, set, fly"
I_1057,Electronics,50.03,"today, me, institution"
I_1058,Fashion,31.1,"approach, health, laugh"
I_1059,Electronics,21.92,"may, stop, like"
I_1060,Beauty,22.55,"mother, stay, tonight"
I_1061,Books,33.92,"later, happy, pull"
I_1062,Home,36.22,"really, within, third"
I_1063,Fashion,22.98,"could, this, beautiful"
I_1064,Fashion,26.62,"hospital, condition, when"
I_1065,Beauty,97.07,"baby, clearly, born"
I_1066,Fashion,100.24,"challenge, character, daughter"
I_1067,Electronics,40.51,"weight, age, indicate"
I_1068,Electronics,11.32,"radio, use, listen"
I_1069,Books,50.95,"information, scene, again"
I_1070,Books,114.83,"country, against, soon"
I_1071,Books,99.07,"strong, mind, from"
I_1072,Electronics,59.59,"official, pretty, skin"
I_1073,Books,103.33,"main, program, morning"
I_1074,Books,34.56,"nature, leader, note"
I_1075,Electronics,54.73,"together, fill, smile"
I_1076,Beauty,19.21,"dinner, head, explain"
I_1077,Fashion,41.84,"suddenly, chance, expect"
I_1078,Home,95.93,"what, peace, claim"
I_1079,Electronics,20.67,"movement, consider, compare"
I_1080,Electronics,16.62,"remain, toward, some"
I_1081,Home,35.8,"claim, bring, year"
I_1082,Home,27.62,"off, kid, hard"
I_1083,Books,55.66,"day, religious, program"
I_1084,Home,23.04,"within, challenge, large"
I_1085,Fashion,130.94,"wish, move, building"
I_1086,Fashion,11.8,"agent, use, shoulder"
I_1087,Fashion,90.29,"way, until, choose"
I_1088,Fashion,17.96,"wife, national, medical"
I_1089,Fashion,7.87,"positive, far, time"
I_1090,Books,40.06,"wide, senior, yes"
I_1091,Electronics,27.01,"project, son, rock"
I_1092,Home,13.63,"two, full, both"
I_1093,Electronics,8.63,"look, always, question"
I_1094,Home,32.89,"bring, agent, pay"
I_1095,Books,72.29,"detail, group, for"
I_1096,Books,52.88,"part, crime, money"
I_1097,Beauty,34.65,"sit, short, cultural"
I_1098,Beauty,48.57,"base, support, quality"
I_1099,Books,32.4,"whatever, wish, hour"
I_1100,Books,10.55,"make, owner, memory"
I_1101,Home,10.63,"argue, project, huge"
I_1102,Books,28.15,"respond, into, history"
I_1103,Electronics,29.12,"activity, general, final"
I_1104,Home,65.42,"knowledge, night, democratic"
I_1105,Books,60.69,"thousand, score, indeed"
I_1106,Home,53.74,"kind, clearly, road"
I_1107,Home,26.46,"today, rock, increase"
I_1108,Fashion,10.97,"structure, our, century"
I_1109,Beauty,46.05,"field, write, moment"
I_1110,Home,50.41,"friend, value, opportunity"
I_1111,Home,4.9,"heart, according, police"
I_1112,Fashion,16.99,"event, company, left"
I_1113,Books,19.05,"nothing, trip, current"
I_1114,Home,36.4,"strategy, face, make"
I_1115,Fashion,17.41,"state, few, one"
I_1116,Electronics,32.12,"management, science, different"
I_1117,Fashion,27.98,"social, child, feel"
I_1118,Beauty,29.16,"policy, PM, buy"
I_1119,Beauty,18.67,"program, explain, conference"
I_1120,Books,19.86,"trade, population, agreement"
I_1121,Books,13.95,"share, manage, wife"
I_1122,Beauty,44.88,"out, gun, lose"
I_1123,Beauty,52.29,"job, election, rather"
I_1124,Home,17.88,"window, stand, health"
I_1125,Beauty,111.78,"run, adult, employee"
I_1126,Books,25.75,"ok, certainly, leave"
I_1127,Beauty,112.63,"really, group, apply"
I_1128,Books,19.81,"guess, player, western"
I_1129,Electronics,6.55,"any, factor, police"
I_1130,Beauty,45.68,"baby, create, physical"
I_1131,Books,40.4,"share, out, cold"
I_1132,Fashion,34.04,"follow, first, suddenly"
I_1133,Home,19.81,"son, even, recently"
I_1134,Books,32.21,"guy, move, goal"
I_1135,Beauty,22.0,"century, carry, example"
I_1136,Beauty,26.0,"single, include, TV"
I_1137,Electronics,64.93,"clear, design, me"
I_1138,Fashion,38.37,"story, somebody, next"
I_1139,Books,53.94,"ready, weight, suffer"
I_1140,Fashion,27.51,"Republican, reduce, sort"
I_1141,Electronics,25.19,"individual, trouble, bring"
I_1142,Home,13.16,"capital, admit, give"
I_1143,Fashion,24.63,"reality, catch, kind"
I_1144,Electronics,2.32,"would, mission, wide"
I_1145,Books,20.65,"common, fight, season"
I_1146,Home,31.02,"budget, campaign, reason"
I_1147,Beauty,51.98,"read, film, decide"
I_1148,Electronics,26.71,"wonder, interesting, several"
I_1149,Beauty,43.73,"born, affect, machine"
I_1150,Home,5.79,"issue, cultural, allow"
I_1151,Electronics,31.64,"process, or, light"
I_1152,Electronics,8.64,"training, analysis, feeling"
I_1153,Home,12.6,"act, benefit, buy"
I_1154,Books,28.51,"own, onto, customer"
I_1155,Electronics,91.93,"provide, ahead, certainly"
I_1156,Home,44.57,"second, everyone, often"
I_1157,Fashion,33.6,"goal, talk, sit"
I_1158,Beauty,32.6,"party, measure, attention"
I_1159,Electronics,18.71,"standard, shake, more"
I_1160,Fashion,21.43,"respond, who, commercial"
I_1161,Electronics,46.61,"senior, above, rise"
I_1162,Books,10.93,"under, turn, surface"
I_1163,Home,53.22,"listen, recently, continue"
I_1164,Electronics,24.27,"pull, blue, strong"
I_1165,Home,64.1,"wonder, interest, method"
I_1166,Electronics,71.44,"imagine, seven, fire"
I_1167,Books,8.68,"letter, mind, many"
I_1168,Books,20.8,"guess, explain, reveal"
I_1169,Fashion,16.7,"bank, management, his"
I_1170,Books,7.77,"lead, save, reach"
I_1171,Home,14.5,"subject, difficult, imagine"
I_1172,Books,233.46,"world, into, task"
I_1173,Electronics,53.93,"thus, sort, voice"
I_1174,Books,153.52,"happen, actually, purpose"
I_1175,Home,64.28,"public, how, mission"
I_1176,Electronics,18.29,"put, budget, house"
I_1177,Fashion,24.4,"reason, within, scientist"
I_1178,Fashion,53.02,"throughout, collection, hair"
I_1179,Fashion,46.99,"current, customer, such"
I_1180,Electronics,20.87,"identify, do, interesting"
I_1181,Fashion,9.89,"material, share, she"
I_1182,Books,459.53,"order, series, song"
I_1183,Electronics,29.58,"wall, green, project"
I_1184,Electronics,25.52,"wear, would, memory"
I_1185,Electronics,36.26,"challenge, lawyer, business"
I_1186,Beauty,27.27,"majority, discuss, wall"
I_1187,Home,36.53,"ahead, scene, store"
I_1188,Beauty,92.72,"marriage, ago, condition"
I_1189,Beauty,29.97,"painting, force, few"
I_1190,Beauty,13.06,"perhaps, set, produce"
I_1191,Home,29.1,"mind, man, letter"
I_1192,Beauty,22.84,"family, marriage, measure"
I_1193,Fashion,103.45,"my, special, music"
I_1194,Electronics,84.51,"adult, shake, wrong"
I_1195,Electronics,36.09,"they, budget, late"
I_1196,Books,11.91,"table, kind, along"
I_1197,Fashion,12.42,"computer, process, single"
I_1198,Home,33.52,"those, clearly, issue"
I_1199,Electronics,43.34,"fine, home, shake"
I_1200,Beauty,24.54,"notice, make, network"
I_1201,Books,22.55,"much, like, no"
I_1202,Books,20.61,"choose, argue, enjoy"
I_1203,Electronics,32.5,"opportunity, help, put"
I_1204,Fashion,4.92,"short, expect, article"
I_1205,Books,13.72,"opportunity, campaign, hand"
I_1206,Electronics,20.05,"special, once, she"
I_1207,Fashion,87.01,"personal, herself, into"
I_1208,Electronics,17.27,"yeah, in, argue"
I_1209,Electronics,38.26,"each, doctor, fine"
I_1210,Fashion,39.7,"be, read, than"
I_1211,Fashion,93.53,"boy, college, Mrs"
I_1212,Fashion,90.93,"also, price, institution"
I_1213,Electronics,31.63,"method, inside, after"
I_1214,Books,22.64,"like, against, first"
I_1215,Home,19.47,"now, follow, best"
I_1216,Home,27.31,"major, real, day"
I_1217,Electronics,23.4,"market, specific, property"
I_1218,Electronics,51.57,"coach, federal, wide"
I_1219,Books,46.35,"cut, player, wind"
I_1220,Fashion,53.17,"away, sure, degree"
I_1221,Electronics,90.69,"enter, father, of"
I_1222,Beauty,146.98,"source, person, when"
I_1223,Fashion,36.59,"response, official, option"
I_1224,Electronics,79.8,"event, note, most"
I_1225,Beauty,24.99,"interview, girl, baby"
I_1226,Books,85.46,"statement, measure, feel"
I_1227,Beauty,77.42,"professional, finish, increase"
I_1228,Electronics,74.2,"economy, middle, public"
I_1229,Home,35.7,"natural, thing, physical"
I_1230,Electronics,19.4,"might, cost, material"
I_1231,Home,10.85,"produce, station, visit"
I_1232,Books,32.07,"environmental, point, speak"
I_1233,Books,112.89,"table, trade, various"
I_1234,Fashion,25.85,"risk, art, customer"
I_1235,Fashion,62.06,"leg, drive, second"
I_1236,Home,65.05,"she, such, improve"
I_1237,Home,26.39,"team, treat, plant"
I_1238,Books,94.92,"suffer, environment, expert"
I_1239,Beauty,3.23,"civil, rather, door"
I_1240,Home,12.45,"draw, change, agree"
I_1241,Home,15.92,"someone, financial, magazine"
I_1242,Beauty,17.19,"yard, instead, town"
I_1243,Fashion,43.34,"dark, evening, ahead"
I_1244,Fashion,41.76,"smile, everyone, nearly"
I_1245,Home,45.39,"popular, amount, reveal"
I_1246,Fashion,53.35,"site, area, to"
I_1247,Fashion,15.49,"finish, fear, as"
I_1248,Fashion,12.5,"western, to, public"
I_1249,Books,45.47,"though, however, style"
I_1250,Electronics,20.0,"successful, door, number"
I_1251,Home,9.43,"matter, building, professional"
I_1252,Home,72.03,"oil, simple, moment"
I_1253,Books,101.1,"market, bed, outside"
I_1254,Electronics,115.09,"significant, finish, strategy"
I_1255,Electronics,38.46,"say, south, season"
I_1256,Books,54.64,"very, design, blood"
I_1257,Beauty,99.08,"degree, ever, impact"
I_1258,Beauty,19.82,"television, argue, mouth"
I_1259,Electronics,80.52,"record, both, nation"
I_1260,Beauty,41.28,"little, east, everyone"
I_1261,Beauty,68.78,"six, certain, little"
I_1262,Beauty,38.43,"happy, final, population"
I_1263,Electronics,93.41,"toward, alone, science"
I_1264,Beauty,39.6,"sometimes, area, true"
I_1265,Home,10.1,"public, education, his"
I_1266,Electronics,105.8,"police, red, total"
I_1267,Books,15.52,"rate, movement, door"
I_1268,Beauty,90.24,"kind, account, whether"
I_1269,Fashion,30.81,"until, truth, feeling"
I_1270,Electronics,84.84,"view, series, father"
I_1271,Books,82.09,"teacher, civil, keep"
I_1272,Home,46.72,"first, speech, popular"
I_1273,Books,49.74,"smile, ever, bag"
I_1274,Beauty,46.44,"single, man, say"
I_1275,Fashion,6.61,"unit, four, institution"
I_1276,Beauty,36.4,"truth, beyond, civil"
I_1277,Books,13.56,"end, at, inside"
I_1278,Electronics,37.98,"role, natural, force"
I_1279,Fashion,13.27,"receive, seven, political"
I_1280,Fashion,12.83,"contain, kitchen, political"
I_1281,Books,119.58,"able, customer, figure"
I_1282,Beauty,77.91,"office, book, economic"
I_1283,Books,33.01,"require, should, power"
I_1284,Fashion,38.39,"candidate, order, improve"
I_1285,Books,27.16,"vote, later, them"
I_1286,Fashion,52.24,"card, community, or"
I_1287,Beauty,19.28,"foreign, example, base"
I_1288,Electronics,73.33,"happen, hour, help"
I_1289,Electronics,27.05,"strong, now, again"
I_1290,Books,23.67,"age, next, partner"
I_1291,Fashion,33.7,"director, become, leg"
I_1292,Electronics,20.64,"energy, system, anyone"
I_1293,Fashion,43.08,"peace, outside, chance"
I_1294,Beauty,21.54,"when, color, note"
I_1295,Books,48.17,"add, moment, significant"
I_1296,Fashion,87.6,"up, still, management"
I_1297,Books,18.63,"difference, data, watch"
I_1298,Fashion,29.83,"spend, entire, second"
I_1299,Fashion,47.9,"high, issue, deal"
I_1300,Beauty,23.37,"democratic, station, risk"
I_1301,Books,48.01,"country, Congress, society"
I_1302,Home,51.64,"agreement, wish, dog"
I_1303,Fashion,78.78,"late, eat, old"
I_1304,Fashion,20.39,"positive, beat, light"
I_1305,Electronics,15.58,"the, window, huge"
I_1306,Books,25.89,"defense, himself, interest"
I_1307,Home,15.27,"others, authority, news"
I_1308,Beauty,52.02,"appear, use, likely"
I_1309,Home,13.07,"great, paper, provide"
I_1310,Beauty,214.09,"soon, remember, special"
I_1311,Home,93.39,"accept, mean, herself"
I_1312,Home,33.45,"within, provide, car"
I_1313,Books,66.28,"throughout, American, conference"
I_1314,Electronics,8.94,"college, manage, fund"
I_1315,Home,249.31,"life, bed, report"
I_1316,Fashion,20.65,"item, employee, finish"
I_1317,Fashion,30.07,"without, material, wind"
I_1318,Fashion,7.5,"exactly, guess, involve"
I_1319,Electronics,48.86,"total, enjoy, stop"
I_1320,Home,13.67,"unit, might, job"
I_1321,Beauty,35.92,"close, say, man"
I_1322,Beauty,21.43,"wear, new, type"
I_1323,Books,13.98,"PM, key, country"
I_1324,Electronics,17.4,"approach, consumer, like"
I_1325,Home,39.67,"clear, level, break"
I_1326,Fashion,11.88,"time, manager, kid"
I_1327,Electronics,18.19,"writer, night, leader"
I_1328,Electronics,56.3,"both, rest, challenge"
I_1329,Home,265.6,"glass, data, exist"
I_1330,Books,48.52,"strong, seek, state"
I_1331,Books,15.9,"none, production, defense"
I_1332,Books,24.69,"your, above, short"
I_1333,Fashion,33.96,"Congress, turn, east"
I_1334,Fashion,25.04,"marriage, behind, forget"
I_1335,Home,68.2,"expect, wonder, business"
I_1336,Books,39.41,"health, upon, black"
I_1337,Home,68.46,"food, ahead, least"
I_1338,Books,25.75,"remain, look, pick"
I_1339,Electronics,95.62,"especially, price, forget"
I_1340,Beauty,28.99,"analysis, performance, laugh"
I_1341,Beauty,15.23,"water, yourself, trade"
I_1342,Books,189.02,"someone, can, tell"
I_1343,Home,7.69,"soon, executive, sometimes"
I_1344,Fashion,18.34,"season, natural, own"
I_1345,Books,20.05,"begin, effort, drive"
I_1346,Books,246.32,"side, human, after"
I_1347,Fashion,140.54,"decade, home, I"
I_1348,Books,109.41,"positive, west, child"
I_1349,Electronics,25.42,"fear, song, save"
I_1350,Fashion,230.66,"TV, tough, page"
I_1351,Electronics,44.46,"grow, benefit, happen"
I_1352,Beauty,72.37,"customer, knowledge, hold"
I_1353,Fashion,38.24,"environmental, outside, bed"
I_1354,Fashion,31.83,"institution, happy, control"
I_1355,Home,27.07,"piece, behavior, message"
I_1356,Home,28.0,"wind, put, positive"
I_1357,Fashion,53.88,"require, us, money"
I_1358,Beauty,44.42,"positive, base, life"
I_1359,Books,32.29,"bad, soon, feel"
I_1360,Home,110.79,"worker, range, feel"
I_1361,Beauty,3.09,"eat, into, notice"
I_1362,Beauty,49.79,"necessary, true, message"
I_1363,Home,58.8,"member, including, let"
I_1364,Books,82.89,"result, spend, green"
I_1365,Home,31.44,"one, shoulder, administration"
I_1366,Beauty,39.11,"scientist, leg, skill"
I_1367,Electronics,72.88,"successful, and, indicate"
I_1368,Home,109.17,"region, finish, right"
I_1369,Beauty,26.04,"serious, last, space"
I_1370,Home,41.0,"game, truth, special"
I_1371,Beauty,126.83,"decision, back, word"
I_1372,Books,6.05,"else, pull, its"
I_1373,Beauty,19.07,"adult, house, actually"
I_1374,Fashion,106.98,"pretty, least, if"
I_1375,Electronics,79.36,"price, season, rise"
I_1376,Beauty,50.3,"field, spend, pattern"
I_1377,Home,23.13,"real, white, push"
I_1378,Home,16.36,"source, because, career"
I_1379,Beauty,20.64,"course, staff, receive"
I_1380,Fashion,114.25,"could, agree, loss"
I_1381,Beauty,20.03,"certain, drop, success"
I_1382,Books,35.91,"teach, Mrs, beat"
I_1383,Fashion,18.12,"show, challenge, instead"
I_1384,Beauty,64.99,"bring, total, school"
I_1385,Electronics,21.52,"knowledge, machine, after"
I_1386,Fashion,30.63,"last, drug, far"
I_1387,Beauty,8.61,"stop, hot, free"
I_1388,Electronics,9.11,"bill, summer, it"
I_1389,Beauty,33.32,"indeed, many, official"
I_1390,Books,11.47,"room, yourself, already"
I_1391,Home,178.41,"hundred, message, right"
I_1392,Beauty,6.36,"very, toward, test"
I_1393,Fashion,17.46,"discussion, art, affect"
I_1394,Beauty,33.56,"office, network, environmental"
I_1395,Beauty,24.73,"possible, threat, bring"
I_1396,Beauty,13.69,"performance, position, large"
I_1397,Beauty,15.39,"job, claim, risk"
I_1398,Fashion,14.99,"light, just, medical"
I_1399,Fashion,26.33,"onto, rate, two"
I_1400,Beauty,157.83,"table, resource, life"
I_1401,Home,35.25,"third, rich, hospital"
I_1402,Beauty,85.31,"indicate, wait, present"
I_1403,Fashion,49.68,"growth, line, wife"
I_1404,Books,80.73,"class, debate, real"
I_1405,Beauty,3.53,"beat, lot, community"
I_1406,Beauty,25.96,"choose, man, soldier"
I_1407,Beauty,94.23,"wall, management, doctor"
I_1408,Beauty,20.96,"news, yourself, grow"
I_1409,Electronics,135.64,"end, quality, company"
I_1410,Beauty,108.54,"teacher, me, southern"
I_1411,Fashion,22.75,"front, box, dinner"
I_1412,Fashion,22.14,"no, main, year"
I_1413,Electronics,14.72,"size, show, show"
I_1414,Beauty,20.01,"news, to, table"
I_1415,Home,12.35,"them, page, bit"
I_1416,Beauty,46.67,"anyone, watch, sometimes"
I_1417,Fashion,10.33,"while, sense, window"
I_1418,Books,53.68,"sit, participant, teach"
I_1419,Books,54.73,"big, none, medical"
I_1420,Home,8.77,"cold, brother, day"
I_1421,Beauty,114.42,"gun, rock, remain"
I_1422,Electronics,49.94,"seven, marriage, that"
I_1423,Beauty,60.33,"child, hair, standard"
I_1424,Home,18.05,"but, dark, wide"
I_1425,Home,54.48,"shoulder, according, strong"
I_1426,Home,81.54,"list, expert, commercial"
I_1427,Books,30.6,"entire, resource, increase"
I_1428,Beauty,164.27,"picture, early, send"
I_1429,Beauty,34.3,"morning, skin, case"
I_1430,Electronics,82.49,"investment, truth, together"
I_1431,Home,41.86,"weight, might, radio"
I_1432,Home,52.9,"want, kind, show"
I_1433,Fashion,8.7,"response, military, attorney"
I_1434,Fashion,44.56,"full, I, sign"
I_1435,Books,18.39,"its, hotel, also"
I_1436,Beauty,16.83,"two, character, off"
I_1437,Electronics,133.66,"within, woman, sometimes"
I_1438,Electronics,27.91,"then, win, information"
I_1439,Home,14.84,"though, red, them"
I_1440,Electronics,24.85,"return, finish, general"
I_1441,Home,11.7,"still, too, particular"
I_1442,Beauty,104.28,"chair, identify, popular"
I_1443,Electronics,18.98,"thought, person, peace"
I_1444,Home,50.57,"kind, generation, speech"
I_1445,Beauty,97.99,"possible, simple, thing"
I_1446,Beauty,22.2,"base, Mr, hope"
I_1447,Home,50.68,"rest, they, minute"
I_1448,Home,14.53,"must, degree, memory"
I_1449,Books,234.3,"fine, future, player"
I_1450,Beauty,70.04,"age, three, music"
I_1451,Home,28.39,"else, strategy, fight"
I_1452,Beauty,17.85,"institution, measure, rule"
I_1453,Electronics,30.23,"success, employee, medical"
I_1454,Fashion,25.23,"buy, series, walk"
I_1455,Fashion,157.96,"large, occur, accept"
I_1456,Home,12.42,"fund, door, second"
I_1457,Home,36.89,"ok, research, visit"
I_1458,Beauty,32.63,"program, suddenly, doctor"
I_1459,Home,30.15,"federal, project, spring"
I_1460,Beauty,30.36,"of, cause, help"
I_1461,Home,30.18,"scene, black, might"
I_1462,Beauty,66.58,"court, sing, lawyer"
I_1463,Home,53.9,"chair, international, include"
I_1464,Books,46.3,"begin, interesting, candidate"
I_1465,Beauty,2.92,"Democrat, back, quality"
I_1466,Books,42.09,"idea, next, single"
I_1467,Books,8.81,"the, once, PM"
I_1468,Books,55.54,"you, ready, way"
I_1469,Books,107.73,"rule, indicate, clear"
I_1470,Electronics,15.78,"media, machine, leader"
I_1471,Fashion,26.86,"whose, message, more"
I_1472,Electronics,20.5,"reason, lay, allow"
I_1473,Home,88.97,"church, next, TV"
I_1474,Home,35.73,"budget, system, book"
I_1475,Fashion,131.98,"hard, face, mission"
I_1476,Fashion,46.11,"brother, figure, hear"
I_1477,Fashion,40.2,"family, agreement, central"
I_1478,Books,34.97,"six, instead, view"
I_1479,Electronics,63.71,"figure, exist, consumer"
I_1480,Home,8.25,"science, able, natural"
I_1481,Electronics,35.46,"attack, and, loss"
I_1482,Electronics,31.31,"finally, laugh, full"
I_1483,Electronics,59.17,"help, strong, street"
I_1484,Fashion,28.5,"car, catch, PM"
I_1485,Fashion,14.43,"seven, project, chance"
I_1486,Home,33.31,"road, become, person"
I_1487,Home,13.93,"perhaps, hold, too"
I_1488,Home,7.1,"fund, animal, provide"
I_1489,Electronics,59.25,"kitchen, everyone, because"
I_1490,Fashion,52.63,"close, agent, picture"
I_1491,Books,48.12,"sign, final, population"
I_1492,Electronics,93.91,"popular, be, western"
I_1493,Beauty,19.45,"my, serious, whatever"
I_1494,Electronics,10.54,"miss, seek, me"
I_1495,Fashion,31.31,"affect, probably, mother"
I_1496,Beauty,25.08,"while, ever, day"
I_1497,Electronics,16.88,"stop, stuff, often"
I_1498,Fashion,31.07,"be, move, fly"
I_1499,Fashion,20.3,"open, man, value"
I_1500,Books,7.62,"future, Congress, agency"
I_1501,Electronics,23.27,"month, high, before"
I_1502,Fashion,13.34,"woman, my, experience"
I_1503,Home,39.86,"consumer, shoulder, child"
I_1504,Fashion,19.59,"weight, question, arrive"
I_1505,Books,80.58,"which, consider, require"
I_1506,Fashion,119.47,"fear, better, central"
I_1507,Electronics,57.03,"throw, election, walk"
I_1508,Electronics,9.58,"tonight, appear, dream"
I_1509,Beauty,110.41,"others, door, meet"
I_1510,Electronics,116.81,"mean, we, especially"
I_1511,Beauty,33.62,"five, network, assume"
I_1512,Home,95.43,"ahead, plant, trial"
I_1513,Books,21.3,"affect, never, only"
I_1514,Home,7.44,"big, several, prepare"
I_1515,Beauty,18.03,"by, nothing, land"
I_1516,Fashion,132.08,"suffer, matter, situation"
I_1517,Fashion,10.05,"central, music, collection"
I_1518,Home,33.1,"early, weight, which"
I_1519,Fashion,34.03,"new, among, spend"
I_1520,Beauty,21.97,"which, per, president"
I_1521,Books,23.22,"cold, art, two"
I_1522,Electronics,35.09,"event, economy, quite"
I_1523,Beauty,21.12,"yourself, successful, defense"
I_1524,Beauty,10.62,"subject, example, claim"
I_1525,Electronics,39.33,"move, attorney, bed"
I_1526,Electronics,78.15,"recognize, store, rise"
I_1527,Books,66.4,"your, there, decision"
I_1528,Books,17.33,"measure, soon, this"
I_1529,Books,12.17,"war, play, woman"
I_1530,Fashion,26.38,"remain, event, production"
I_1531,Beauty,116.07,"focus, decision, where"
I_1532,Electronics,55.51,"foreign, trial, card"
I_1533,Beauty,58.16,"two, participant, above"
I_1534,Beauty,67.48,"act, community, new"
I_1535,Books,46.37,"recent, major, hotel"
I_1536,Books,36.47,"ball, theory, prepare"
I_1537,Beauty,56.25,"much, throughout, staff"
I_1538,Books,21.39,"knowledge, but, will"
I_1539,Fashion,10.68,"heavy, over, hit"
I_1540,Electronics,59.05,"stuff, speech, worker"
I_1541,Beauty,89.14,"by, have, cover"
I_1542,Electronics,13.54,"act, sea, serve"
I_1543,Fashion,63.91,"quite, remember, course"
I_1544,Books,127.05,"staff, personal, space"
I_1545,Home,33.06,"determine, woman, whose"
I_1546,Fashion,17.21,"already, manage, region"
I_1547,Home,36.54,"paper, according, worker"
I_1548,Electronics,21.32,"point, book, everyone"
I_1549,Beauty,20.22,"matter, color, create"
I_1550,Books,46.83,"school, public, owner"
I_1551,Fashion,9.18,"compare, open, second"
I_1552,Books,10.43,"camera, value, talk"
I_1553,Home,33.63,"thing, rock, ever"
I_1554,Home,32.53,"summer, age, wide"
I_1555,Beauty,43.59,"question, pass, quite"
I_1556,Home,148.44,"third, ability, interview"
I_1557,Beauty,36.0,"pull, practice, take"
I_1558,Fashion,53.44,"follow, such, imagine"
I_1559,Beauty,15.17,"business, million, many"
I_1560,Home,61.21,"military, analysis, return"
I_1561,Electronics,21.73,"another, truth, mother"
I_1562,Beauty,35.06,"first, hot, free"
I_1563,Books,30.35,"they, space, wrong"
I_1564,Electronics,75.67,"difficult, ready, when"
I_1565,Beauty,11.61,"true, culture, forget"
I_1566,Books,5.33,"as, personal, agreement"
I_1567,Electronics,27.92,"it, agency, something"
I_1568,Beauty,48.17,"various, subject, east"
I_1569,Fashion,37.41,"list, when, strategy"
I_1570,Books,88.74,"start, mind, door"
I_1571,Fashion,46.99,"authority, outside, just"
I_1572,Home,21.09,"believe, land, by"
I_1573,Beauty,5.15,"window, true, help"
I_1574,Beauty,27.39,"three, really, site"
I_1575,Books,75.37,"artist, sort, area"
I_1576,Beauty,24.2,"particularly, it, big"
I_1577,Home,33.87,"argue, appear, sure"
I_1578,Beauty,46.39,"I, pay, in"
I_1579,Electronics,14.7,"ten, skin, perhaps"
I_1580,Fashion,54.52,"law, less, into"
I_1581,Home,122.69,"per, big, prepare"
I_1582,Home,28.84,"put, ago, military"
I_1583,Fashion,13.42,"onto, blue, activity"
I_1584,Fashion,31.4,"require, or, subject"
I_1585,Home,5.59,"toward, call, meeting"
I_1586,Fashion,43.36,"green, loss, per"
I_1587,Books,47.55,"control, case, analysis"
I_1588,Fashion,126.53,"camera, once, message"
I_1589,Electronics,28.36,"prepare, group, on"
I_1590,Electronics,45.91,"must, certainly, light"
I_1591,Books,16.63,"owner, fact, wife"
I_1592,Fashion,24.9,"military, price, certain"
I_1593,Electronics,9.78,"down, standard, nice"
I_1594,Beauty,28.34,"area, gas, with"
I_1595,Fashion,25.94,"policy, cut, attention"
I_1596,Books,42.07,"country, little, reality"
I_1597,Fashion,20.11,"level, realize, system"
I_1598,Home,35.4,"not, friend, federal"
I_1599,Home,25.36,"forget, bit, then"
I_1600,Electronics,25.4,"treat, many, turn"
I_1601,Home,35.31,"police, really, level"
I_1602,Books,34.21,"defense, lose, shoulder"
I_1603,Electronics,60.88,"spring, southern, heavy"
I_1604,Books,30.07,"hundred, step, according"
I_1605,Books,25.03,"act, group, never"
I_1606,Home,28.66,"central, key, place"
I_1607,Home,18.7,"tree, growth, wish"
I_1608,Books,24.83,"current, exist, despite"
I_1609,Home,168.16,"energy, company, suggest"
I_1610,Home,15.96,"early, cultural, compare"
I_1611,Home,26.5,"energy, big, story"
I_1612,Fashion,24.29,"case, pressure, those"
I_1613,Books,27.17,"full, decision, lay"
I_1614,Beauty,25.41,"hard, head, commercial"
I_1615,Books,41.4,"money, sometimes, perhaps"
I_1616,Electronics,8.43,"its, represent, budget"
I_1617,Home,75.92,"third, capital, couple"
I_1618,Home,54.93,"mouth, reason, fish"
I_1619,Beauty,12.25,"involve, player, TV"
I_1620,Electronics,5.39,"several, onto, take"
I_1621,Fashion,15.16,"family, chance, easy"
I_1622,Books,27.27,"picture, evidence, call"
I_1623,Fashion,260.93,"meet, once, major"
I_1624,Electronics,51.14,"road, six, social"
I_1625,Beauty,7.8,"past, cold, hold"
I_1626,Electronics,19.07,"think, seem, hear"
I_1627,Beauty,31.74,"million, condition, Republican"
I_1628,Fashion,40.57,"moment, low, what"
I_1629,Fashion,11.57,"listen, ok, point"
I_1630,Electronics,29.73,"so, power, debate"
I_1631,Electronics,18.65,"thus, later, doctor"
I_1632,Home,13.69,"despite, interesting, help"
I_1633,Beauty,40.76,"church, successful, effort"
I_1634,Home,61.5,"be, seem, far"
I_1635,Books,64.9,"million, discover, American"
I_1636,Books,52.43,"mention, from, later"
I_1637,Electronics,22.24,"it, happen, marriage"
I_1638,Fashion,58.65,"event, agent, kid"
I_1639,Books,42.4,"enter, away, top"
I_1640,Books,36.86,"family, maybe, national"
I_1641,Home,20.3,"back, everybody, direction"
I_1642,Home,22.25,"budget, growth, national"
I_1643,Books,35.13,"free, push, economic"
I_1644,Electronics,233.2,"seat, shoulder, suddenly"
I_1645,Home,42.14,"course, page, case"
I_1646,Books,20.31,"talk, respond, myself"
I_1647,Fashion,17.01,"end, show, example"
I_1648,Home,22.34,"get, you, watch"
I_1649,Books,189.02,"state, serious, activity"
I_1650,Beauty,24.06,"pressure, writer, week"
I_1651,Home,68.41,"tend, dinner, rich"
I_1652,Beauty,24.51,"decide, do, only"
I_1653,Home,40.81,"need, light, sport"
I_1654,Home,62.39,"future, beat, suffer"
I_1655,Beauty,20.96,"investment, walk, individual"
I_1656,Electronics,19.83,"just, table, air"
I_1657,Books,124.85,"catch, them, figure"
I_1658,Electronics,72.8,"scene, matter, probably"
I_1659,Electronics,62.34,"great, different, international"
I_1660,Books,62.17,"sell, several, real"
I_1661,Fashion,47.83,"federal, only, nothing"
I_1662,Electronics,166.37,"allow, cause, with"
I_1663,Electronics,34.3,"yes, nothing, sometimes"
I_1664,Electronics,52.55,"trial, off, hospital"
I_1665,Fashion,10.37,"high, we, as"
I_1666,Home,17.12,"hit, little, forget"
I_1667,Beauty,12.67,"while, police, fight"
I_1668,Beauty,91.77,"commercial, push, concern"
I_1669,Fashion,4.3,"step, owner, agree"
I_1670,Electronics,24.0,"current, treat, history"
I_1671,Beauty,3.02,"day, fact, modern"
I_1672,Fashion,17.03,"lawyer, happy, action"
I_1673,Books,22.36,"force, travel, hospital"
I_1674,Beauty,100.27,"writer, can, industry"
I_1675,Books,45.48,"sea, home, tough"
I_1676,Electronics,17.0,"deal, that, finally"
I_1677,Beauty,77.69,"stand, professor, city"
I_1678,Fashion,33.59,"offer, financial, data"
I_1679,Home,34.13,"respond, learn, cut"
I_1680,Beauty,12.65,"yard, knowledge, station"
I_1681,Beauty,15.0,"painting, east, forget"
I_1682,Beauty,17.11,"notice, make, leg"
I_1683,Beauty,34.37,"although, before, position"
I_1684,Fashion,35.24,"try, get, successful"
I_1685,Fashion,113.89,"society, hospital, statement"
I_1686,Home,45.06,"sure, indeed, conference"
I_1687,Fashion,3.8,"pay, it, his"
I_1688,Fashion,40.86,"probably, recognize, believe"
I_1689,Electronics,10.38,"recognize, analysis, those"
I_1690,Electronics,15.29,"citizen, think, Mrs"
I_1691,Books,17.29,"project, at, risk"
I_1692,Home,19.48,"total, training, in"
I_1693,Electronics,11.02,"seven, building, hard"
I_1694,Home,38.97,"sense, mean, single"
I_1695,Home,10.71,"improve, close, debate"
I_1696,Beauty,44.05,"and, ago, police"
I_1697,Home,198.26,"put, left, gas"
I_1698,Beauty,11.43,"human, create, also"
I_1699,Books,26.37,"economy, remember, carry"
I_1700,Books,4.4,"prove, less, leave"
I_1701,Books,26.03,"bar, prevent, require"
I_1702,Beauty,55.38,"just, likely, evidence"
I_1703,Beauty,58.94,"claim, stuff, parent"
I_1704,Books,35.23,"concern, buy, scientist"
I_1705,Beauty,67.45,"collection, provide, action"
I_1706,Fashion,253.88,"event, key, concern"
I_1707,Fashion,130.3,"research, throughout, mother"
I_1708,Beauty,21.8,"kind, answer, play"
I_1709,Beauty,10.37,"mission, production, process"
I_1710,Electronics,23.93,"bill, real, know"
I_1711,Electronics,15.52,"our, any, help"
I_1712,Home,47.52,"cut, economic, training"
I_1713,Home,12.87,"customer, administration, agreement"
I_1714,Home,31.24,"address, star, quite"
I_1715,Books,64.74,"as, when, benefit"
I_1716,Fashion,30.55,"structure, professional, right"
I_1717,Books,15.53,"analysis, mention, spring"
I_1718,Beauty,84.76,"follow, phone, person"
I_1719,Electronics,7.37,"various, house, into"
I_1720,Beauty,25.48,"discussion, black, follow"
I_1721,Beauty,32.03,"address, pressure, activity"
I_1722,Electronics,33.54,"defense, detail, price"
I_1723,Beauty,38.26,"everything, perhaps, analysis"
I_1724,Home,53.97,"those, in, should"
I_1725,Electronics,32.19,"matter, wrong, Republican"
I_1726,Beauty,24.67,"social, two, notice"
I_1727,Home,23.9,"edge, behind, food"
I_1728,Home,20.3,"piece, home, under"
I_1729,Fashion,62.18,"sign, card, compare"
I_1730,Home,19.74,"seven, reach, within"
I_1731,Books,65.2,"project, attack, adult"
I_1732,Electronics,33.62,"treatment, large, memory"
I_1733,Electronics,21.82,"score, me, relate"
I_1734,Electronics,54.31,"actually, again, serve"
I_1735,Beauty,18.5,"buy, door, investment"
I_1736,Beauty,55.18,"during, bag, case"
I_1737,Books,39.26,"material, dark, heart"
I_1738,Home,20.55,"politics, draw, rise"
I_1739,Beauty,50.55,"write, kitchen, theory"
I_1740,Home,51.28,"care, fish, skin"
I_1741,Home,83.6,"always, social, increase"
I_1742,Beauty,71.73,"spend, seek, director"
I_1743,Beauty,49.06,"run, garden, day"
I_1744,Books,13.44,"approach, truth, write"
I_1745,Fashion,234.83,"soon, recent, develop"
I_1746,Electronics,10.77,"their, miss, contain"
I_1747,Beauty,70.77,"picture, ask, man"
I_1748,Beauty,46.76,"west, appear, yeah"
I_1749,Home,12.94,"voice, by, community"
I_1750,Fashion,29.98,"nature, somebody, daughter"
I_1751,Beauty,31.09,"medical, international, level"
I_1752,Fashion,94.11,"clearly, culture, interest"
I_1753,Electronics,18.72,"paper, field, office"
I_1754,Home,26.85,"whose, cut, television"
I_1755,Books,5.11,"loss, week, growth"
I_1756,Electronics,132.66,"help, likely, institution"
I_1757,Fashion,14.06,"participant, item, choose"
I_1758,Fashion,43.01,"west, lot, seven"
I_1759,Electronics,30.54,"into, bar, trade"
I_1760,Fashion,30.62,"feel, Mr, need"
I_1761,Books,63.3,"compare, herself, figure"
I_1762,Books,126.09,"exist, no, lose"
I_1763,Fashion,40.5,"four, resource, cultural"
I_1764,Fashion,55.93,"trouble, above, technology"
I_1765,Books,43.08,"room, hear, identify"
I_1766,Fashion,74.74,"indeed, house, score"
I_1767,Beauty,22.87,"himself, film, would"
I_1768,Home,78.28,"author, those, yeah"
I_1769,Beauty,80.51,"buy, usually, class"
I_1770,Fashion,78.73,"several, whatever, side"
I_1771,Fashion,19.53,"seem, give, remember"
I_1772,Home,28.94,"play, happy, around"
I_1773,Fashion,40.11,"history, interest, east"
I_1774,Home,11.06,"local, TV, guess"
I_1775,Books,118.62,"religious, agreement, program"
I_1776,Home,32.79,"challenge, painting, want"
I_1777,Home,41.56,"challenge, easy, official"
I_1778,Beauty,20.87,"production, claim, bring"
I_1779,Fashion,11.46,"begin, represent, his"
I_1780,Books,20.43,"relationship, wind, ball"
I_1781,Electronics,39.46,"travel, then, coach"
I_1782,Home,56.75,"interview, reality, may"
I_1783,Electronics,37.69,"mouth, though, only"
I_1784,Fashion,43.7,"safe, sell, under"
I_1785,Home,25.29,"thank, body, of"
I_1786,Electronics,49.25,"something, sport, especially"
I_1787,Beauty,108.45,"decide, security, recognize"
I_1788,Electronics,58.2,"according, collection, man"
I_1789,Beauty,63.28,"best, similar, individual"
I_1790,Books,41.9,"indicate, explain, issue"
I_1791,Fashion,9.95,"computer, control, care"
I_1792,Electronics,14.36,"main, me, book"
I_1793,Home,47.65,"note, defense, cut"
I_1794,Fashion,32.83,"seek, speak, court"
I_1795,Electronics,47.08,"work, the, key"
I_1796,Home,126.61,"tree, body, player"
I_1797,Home,59.19,"bag, beat, by"
I_1798,Home,90.66,"ask, ahead, doctor"
I_1799,Home,35.72,"magazine, set, act"
I_1800,Electronics,17.36,"entire, western, program"
I_1801,Books,31.62,"smile, among, decision"
I_1802,Beauty,17.4,"social, heart, mind"
I_1803,Beauty,115.2,"while, entire, magazine"
I_1804,Beauty,62.32,"series, page, from"
I_1805,Books,50.22,"radio, gas, firm"
I_1806,Home,89.01,"dream, guess, huge"
I_1807,Home,6.58,"particularly, wish, their"
I_1808,Fashion,53.01,"south, able, that"
I_1809,Beauty,11.61,"I, structure, understand"
I_1810,Beauty,32.92,"agent, but, most"
I_1811,Home,25.81,"week, seem, eat"
I_1812,Beauty,56.23,"later, rather, thank"
I_1813,Home,39.75,"method, produce, about"
I_1814,Home,97.13,"point, walk, focus"
I_1815,Home,20.46,"plant, them, wide"
I_1816,Electronics,58.4,"save, question, do"
I_1817,Electronics,37.7,"machine, school, soldier"
I_1818,Electronics,8.95,"give, voice, walk"
I_1819,Electronics,15.88,"live, probably, record"
I_1820,Books,29.37,"beyond, his, parent"
I_1821,Fashion,80.63,"Republican, thank, then"
I_1822,Fashion,47.99,"size, respond, all"
I_1823,Home,13.01,"marriage, beautiful, strategy"
I_1824,Beauty,29.6,"you, would, level"
I_1825,Electronics,166.38,"to, western, lot"
I_1826,Fashion,36.2,"music, during, color"
I_1827,Fashion,25.49,"want, record, black"
I_1828,Electronics,49.08,"year, ahead, upon"
I_1829,Books,60.99,"force, himself, exactly"
I_1830,Books,22.99,"rest, program, week"
I_1831,Fashion,49.5,"provide, program, two"
I_1832,Books,25.45,"plant, man, somebody"
I_1833,Electronics,58.88,"four, difference, office"
I_1834,Fashion,37.93,"under, ask, gas"
I_1835,Electronics,48.69,"travel, sea, rise"
I_1836,Books,18.04,"president, size, whom"
I_1837,Electronics,17.17,"join, do, else"
I_1838,Books,70.56,"fact, born, future"
I_1839,Books,31.08,"or, could, walk"
I_1840,Electronics,41.6,"of, camera, finish"
I_1841,Books,25.92,"herself, say, financial"
I_1842,Home,67.96,"operation, couple, hold"
I_1843,Electronics,20.36,"interest, side, something"
I_1844,Home,29.71,"value, call, professional"
I_1845,Electronics,62.1,"opportunity, blood, across"
I_1846,Books,84.64,"system, firm, staff"
I_1847,Books,21.78,"father, despite, quite"
I_1848,Fashion,158.82,"challenge, exist, section"
I_1849,Fashion,42.55,"support, still, alone"
I_1850,Home,14.38,"floor, maybe, read"
I_1851,Books,44.49,"event, summer, off"
I_1852,Fashion,24.38,"piece, democratic, factor"
I_1853,Books,46.86,"whom, arrive, special"
I_1854,Electronics,32.0,"check, respond, summer"
I_1855,Fashion,35.14,"various, different, save"
I_1856,Home,15.97,"type, simply, task"
I_1857,Fashion,73.12,"road, federal, spring"
I_1858,Books,13.13,"treatment, city, again"
I_1859,Beauty,13.64,"hot, institution, list"
I_1860,Beauty,44.43,"give, hot, author"
I_1861,Books,119.38,"risk, executive, type"
I_1862,Electronics,24.98,"red, nature, best"
I_1863,Fashion,58.02,"food, social, tend"
I_1864,Beauty,78.15,"approach, various, fight"
I_1865,Electronics,63.54,"pressure, officer, kind"
I_1866,Books,25.82,"lot, today, decide"
I_1867,Electronics,13.83,"source, crime, prepare"
I_1868,Books,5.66,"gun, task, big"
I_1869,Fashion,26.84,"size, teach, heavy"
I_1870,Electronics,84.98,"work, quickly, collection"
I_1871,Fashion,13.47,"argue, green, listen"
I_1872,Electronics,57.98,"war, bring, middle"
I_1873,Books,15.49,"full, its, chance"
I_1874,Books,36.05,"reveal, each, budget"
I_1875,Electronics,58.34,"however, few, other"
I_1876,Books,19.54,"common, seat, simply"
I_1877,Home,37.95,"yard, provide, bed"
I_1878,Home,23.76,"less, stand, him"
I_1879,Fashion,58.21,"place, knowledge, activity"
I_1880,Home,39.97,"bring, business, political"
I_1881,Home,34.65,"training, different, only"
I_1882,Beauty,115.2,"would, look, really"
I_1883,Beauty,56.25,"behind, or, himself"
I_1884,Beauty,19.06,"yourself, reflect, fear"
I_1885,Beauty,30.92,"by, foot, research"
I_1886,Books,31.16,"television, Mr, if"
I_1887,Fashion,35.31,"red, hour, stage"
I_1888,Fashion,249.54,"situation, morning, ask"
I_1889,Home,44.55,"student, much, standard"
I_1890,Fashion,6.5,"prepare, send, debate"
I_1891,Home,21.45,"probably, bring, television"
I_1892,Fashion,7.06,"receive, accept, language"
I_1893,Electronics,25.44,"fire, always, offer"
I_1894,Electronics,6.75,"present, because, either"
I_1895,Fashion,16.49,"send, be, by"
I_1896,Books,9.81,"fear, whom, commercial"
I_1897,Home,45.03,"with, probably, eat"
I_1898,Fashion,33.13,"animal, watch, toward"
I_1899,Home,42.2,"fall, move, cause"
I_1900,Beauty,30.46,"make, fine, treat"
I_1901,Fashion,10.85,"you, paper, member"
I_1902,Books,49.94,"reach, production, and"
I_1903,Beauty,154.13,"already, center, task"
I_1904,Fashion,45.94,"Democrat, care, need"
I_1905,Electronics,23.55,"option, everyone, rock"
I_1906,Fashion,10.56,"instead, near, end"
I_1907,Electronics,16.02,"power, clear, lay"
I_1908,Electronics,47.58,"war, put, vote"
I_1909,Fashion,78.14,"century, data, picture"
I_1910,Fashion,40.8,"especially, plan, population"
I_1911,Electronics,62.8,"research, nor, positive"
I_1912,Home,58.33,"memory, clearly, start"
I_1913,Beauty,49.66,"first, skin, her"
I_1914,Books,19.55,"who, easy, establish"
I_1915,Fashion,38.06,"mother, range, image"
I_1916,Beauty,16.8,"forget, become, training"
I_1917,Beauty,33.58,"sing, chair, something"
I_1918,Home,43.15,"event, better, woman"
I_1919,Beauty,126.85,"develop, weight, situation"
I_1920,Fashion,11.61,"but, money, then"
I_1921,Beauty,48.68,"open, southern, believe"
I_1922,Fashion,108.31,"give, occur, example"
I_1923,Fashion,60.77,"even, between, answer"
I_1924,Electronics,64.48,"fish, sell, Congress"
I_1925,Home,52.99,"south, question, small"
I_1926,Books,93.57,"necessary, think, I"
I_1927,Electronics,13.87,"or, else, rather"
I_1928,Books,10.93,"require, price, central"
I_1929,Fashion,32.95,"nothing, environment, truth"
I_1930,Electronics,5.88,"police, have, since"
I_1931,Beauty,88.63,"question, industry, leader"
I_1932,Beauty,87.93,"keep, government, light"
I_1933,Books,23.41,"expert, weight, minute"
I_1934,Fashion,24.62,"responsibility, under, director"
I_1935,Books,31.25,"player, beautiful, figure"
I_1936,Home,34.52,"side, suddenly, play"
I_1937,Beauty,36.66,"baby, drive, behavior"
I_1938,Electronics,51.76,"offer, be, experience"
I_1939,Electronics,28.84,"upon, space, action"
I_1940,Electronics,70.43,"way, quality, usually"
I_1941,Beauty,47.31,"carry, marriage, rate"
I_1942,Fashion,20.38,"quality, mother, by"
I_1943,Beauty,96.36,"add, couple, story"
I_1944,Beauty,11.17,"account, interesting, move"
I_1945,Electronics,30.76,"generation, yes, product"
I_1946,Beauty,71.77,"turn, yourself, war"
I_1947,Electronics,18.57,"range, amount, large"
I_1948,Fashion,42.42,"collection, us, shake"
I_1949,Home,51.15,"tough, company, happen"
I_1950,Electronics,16.64,"card, government, anything"
I_1951,Books,31.25,"many, color, wide"
I_1952,Home,29.22,"full, quickly, story"
I_1953,Fashion,21.3,"surface, tax, face"
I_1954,Home,208.79,"low, enter, able"
I_1955,Electronics,17.98,"piece, hour, type"
I_1956,Fashion,73.99,"upon, where, middle"
I_1957,Books,24.19,"throw, very, throughout"
I_1958,Electronics,13.88,"summer, arm, accept"
I_1959,Electronics,35.95,"leave, fear, blue"
I_1960,Fashion,55.66,"glass, reveal, I"
I_1961,Fashion,69.16,"across, issue, culture"
I_1962,Home,115.56,"more, together, improve"
I_1963,Books,349.39,"tree, according, show"
I_1964,Home,40.46,"economic, likely, hear"
I_1965,Home,19.48,"hair, throughout, movie"
I_1966,Electronics,47.57,"especially, writer, prevent"
I_1967,Fashion,26.76,"keep, cause, section"
I_1968,Electronics,69.46,"accept, third, remember"
I_1969,Books,11.73,"book, expect, card"
I_1970,Home,220.23,"inside, former, all"
I_1971,Books,65.68,"program, way, where"
I_1972,Fashion,8.61,"work, budget, major"
I_1973,Fashion,18.78,"many, race, camera"
I_1974,Beauty,63.62,"seem, sister, hundred"
I_1975,Books,84.87,"rise, score, stay"
I_1976,Electronics,11.97,"capital, whatever, society"
I_1977,Books,58.58,"call, general, add"
I_1978,Home,6.97,"range, appear, stop"
I_1979,Fashion,30.83,"involve, others, account"
I_1980,Fashion,80.61,"lose, executive, bar"
I_1981,Books,21.3,"investment, pay, role"
I_1982,Books,9.92,"cost, exactly, boy"
I_1983,Books,37.22,"enjoy, red, project"
I_1984,Home,20.41,"investment, listen, situation"
I_1985,Home,54.8,"billion, room, particularly"
I_1986,Electronics,16.31,"country, talk, pick"
I_1987,Books,17.85,"chance, build, husband"
I_1988,Electronics,6.57,"event, court, certainly"
I_1989,Beauty,37.94,"adult, current, ten"
I_1990,Home,29.12,"herself, modern, record"
I_1991,Fashion,12.8,"woman, develop, international"
I_1992,Beauty,38.67,"article, interview, appear"
I_1993,Fashion,75.31,"body, hair, wall"
I_1994,Beauty,27.87,"represent, east, time"
I_1995,Electronics,41.04,"consider, a, produce"
I_1996,Electronics,41.21,"focus, experience, exactly"
I_1997,Home,12.64,"paper, issue, edge"
I_1998,Fashion,171.62,"man, free, born"
I_1999,Beauty,22.72,"protect, raise, side"
